CI ID,Node IP Address,Node Hostname,Resource IP Address,Resource Name,Operational Status,Resource Type,Resource Description,Resource Alias,Poll Period,Polling,Tags,Bandwidth Configured,Link Id,Link Name,Link Mode,ISP Name,Link Bundle Name,Link Bundle Capacity (Mbps),Requesters
"""129721414790553800757""",10.201.0.45,EKM_KARIMPAN_PRI.federalbank.co.in,10.100.30.173,Gi0/5,UP,Ethernet,GigabitEthernet0/5,***Bsnl 4 Mbps***,300,Enabled,BSNL;Quadtri,,,,Primary,,,,
"""131322489294321356824""",10.250.85.105,CISCO-SW-ARISTA-MGMT1.federalbank.co.in,,Gi1/0/10,UP,Ethernet,GigabitEthernet1/0/10,STRING:,300,Enabled,,,,,Primary,,,,
"""131322489294321356828""",10.250.85.105,CISCO-SW-ARISTA-MGMT1.federalbank.co.in,,Gi1/0/12,UP,Ethernet,GigabitEthernet1/0/12,STRING:,300,Enabled,,,,,Primary,,,,
"""131322489294321356830""",10.250.85.105,CISCO-SW-ARISTA-MGMT1.federalbank.co.in,,Gi1/0/13,UP,Ethernet,GigabitEthernet1/0/13,STRING:,300,Enabled,,,,,Secondary,,,,
"""131322489294321356874""",10.250.85.105,CISCO-SW-ARISTA-MGMT1.federalbank.co.in,,Gi1/0/35,UP,Ethernet,GigabitEthernet1/0/35,STRING:,300,Enabled,,,,,Primary,,,,
"""131322489294321356876""",10.250.85.105,CISCO-SW-ARISTA-MGMT1.federalbank.co.in,,Gi1/0/36,UP,Ethernet,GigabitEthernet1/0/36,STRING:,300,Enabled,,,,,Secondary,,,,
"""131295102557764981085""",115.247.212.162,EpiFI-BGR-FortiGate-80F-Bypass,115.247.212.162,ISP01_Switch,UP,Transparent bridge interface,STRING:,JIO,300,Enabled,Critical;Reliance JIO,,,,Primary,,,,
"""130194329981546402110""",59.145.216.238,Jupiter-Pune-Secondary-Firewall,59.145.216.238,ISP_01,UP,Transparent bridge interface,STRING:,Airtel_ILL_400Mbps,300,Enabled,Airtel;Critical,,,,Primary,,,,
"""130194329981546402112""",59.145.216.238,Jupiter-Pune-Secondary-Firewall,,internal1,UP,Ethernet,STRING:,STRING:,300,Enabled,Critical;Firewall,,,,Secondary,,,,
"""125324709767655985290""",10.200.204.5,HO-MKTING-LCD-IRMD-VC-4F-4B-SW2,,01-01-2023,UP,Ethernet,01-01-2023,STRING:,300,Enabled,,,,,Primary,,,,
"""130809647092254904506""",10.200.203.3,HO-3F-3B-SW01.federalbank.co.in,,Gi1/0/22,UP,Ethernet,GigabitEthernet1/0/22,\--- wap 10.200.240.33---,300,Enabled,,,,,Primary,,,,
"""130809647092254904508""",10.200.203.3,HO-3F-3B-SW01.federalbank.co.in,,Gi1/0/23,UP,Ethernet,GigabitEthernet1/0/23,\--- WAP-240.34 ---,300,Enabled,,,,,Secondary,,,,
"""130809647092254904526""",10.200.203.3,HO-3F-3B-SW01.federalbank.co.in,,Gi1/0/32,DOWN,Ethernet,GigabitEthernet1/0/32,STRING:,300,Enabled,,,,,Primary,,,,
"""130809647092254904542""",10.200.203.3,HO-3F-3B-SW01.federalbank.co.in,,Gi1/0/40,UP,Ethernet,GigabitEthernet1/0/40,STRING:,300,Enabled,,,,,Primary,,,,
"""128504695536252621084""",10.200.202.243,ALW_HO_HR_2F_A_SW.federalbank.co.in,,Gi1/0/17,UP,Ethernet,GigabitEthernet1/0/17,STRING:,300,Enabled,,,,,Primary,,,,
"""128504695536252621096""",10.200.202.243,ALW_HO_HR_2F_A_SW.federalbank.co.in,,Gi1/0/23,UP,Ethernet,GigabitEthernet1/0/23,\--- uplink to switch-10.200.202.5 ---,300,Enabled,,,,,Primary,,,,
"""128504695536252621126""",10.200.202.243,ALW_HO_HR_2F_A_SW.federalbank.co.in,,Gi1/0/38,UP,Ethernet,GigabitEthernet1/0/38,STRING:,300,Enabled,,,,,Primary,,,,
"""128504695536252621138""",10.200.202.243,ALW_HO_HR_2F_A_SW.federalbank.co.in,,Gi1/0/44,UP,Ethernet,GigabitEthernet1/0/44,STRING:,300,Enabled,,,,,Primary,,,,
"""128504695536252621144""",10.200.202.243,ALW_HO_HR_2F_A_SW.federalbank.co.in,,Gi1/0/47,UP,Ethernet,GigabitEthernet1/0/47,STRING:,300,Enabled,,,,,Primary,,,,
"""130240336282604539922""",10.200.203.2,ALW_HO_3A_SWITCH,,Gi1/0/4,UP,Ethernet,GigabitEthernet1/0/4,STRING:,300,Enabled,,,,,Primary,,,,
"""130240336282604539948""",10.200.203.2,ALW_HO_3A_SWITCH,,Gi1/0/17,UP,Ethernet,GigabitEthernet1/0/17,STRING:,300,Enabled,,,,,Secondary,,,,
"""130434118470612291823""",10.200.207.3,HO-SW-8A.federalbank.co.in,,Te1/1/2,UP,Ethernet,TenGigabitEthernet1/1/2,\--- Trunk to HO-CORE-Twe2/0/8 -HA link ---,300,Enabled,,,,,Primary,,,,
"""131293828826157551719""",10.200.204.4,HO-SW-4A.federalbank.co.in,,Gi1/0/3,UP,Ethernet,GigabitEthernet1/0/3,STRING:,300,Enabled,,,,,Primary,,,,
"""130240336282604540329""",10.200.210.2,HO-SW-6A.federalbank.co.in,,Gi1/0/30,UP,Ethernet,GigabitEthernet1/0/30,STRING:,300,Enabled,,,,,Primary,,,,
"""130240336282604540349""",10.200.210.2,HO-SW-6A.federalbank.co.in,,Gi1/0/40,UP,Ethernet,GigabitEthernet1/0/40,STRING:,300,Enabled,,,,,Secondary,,,,
"""130240336282604540579""",10.200.47.4,ALW_KOMBANAD_Switch.federalbank.co.in,,Vl982,UP,Prop Virtual,Vlan982,STRING:,300,Enabled,,,,,Secondary,,,,
"""130809647092254904852""",10.200.58.4,ALW_KUTTAMPUZHA_SW.federalbank.co.in,,Gi1/0/8,UP,Ethernet,GigabitEthernet1/0/8,STRING:,300,Enabled,,,,,Secondary,,,,
"""130809674708626182153""",10.200.58.4,ALW_KUTTAMPUZHA_SW.federalbank.co.in,,Gi1/0/15,UP,Ethernet,GigabitEthernet1/0/15,STRING:,300,Enabled,,,,,Secondary,,,,
"""131293834965007995042""",10.200.67.26,ALW_FKDC_2F_H2_SW2.federalbank.co.in,10.200.67.26,Vl7,UP,Prop Virtual,Vlan7,STRING:,300,Enabled,,,,,Secondary,,,,
"""131340743465822589249""",10.200.71.11,ALW-CPC-SW02.federalbank.co.in,,Gi1/0/1,UP,Ethernet,GigabitEthernet1/0/1,STRING:,300,Enabled,,,,,Secondary,,,,
"""131282698358548861289""",10.200.67.27,ALW_FKDC_2F_H3_SW01_SWITCH.federalbank.co.in,,Gi1/0/14,UP,Ethernet,GigabitEthernet1/0/14,\--- AP ---,300,Enabled,,,,,Secondary,,,,
"""129721414790822236605""",10.200.78.4,ALW_HORMIS_NAGAR_SW.federalbank.co.in,,Gi1/0/10,UP,Ethernet,GigabitEthernet1/0/10,STRING:,300,Enabled,,,,,Secondary,,,,
"""129721414790822236625""",10.200.78.4,ALW_HORMIS_NAGAR_SW.federalbank.co.in,,Gi1/0/20,UP,Ethernet,GigabitEthernet1/0/20,STRING:,300,Enabled,,,,,Secondary,,,,
"""130240349570159612103""",10.200.79.4,ALW_CHERAI_SWITCH.federalbank.co.in,10.200.79.4,Vl1,UP,Prop Virtual,Vlan1,STRING:,300,Enabled,,,,,Secondary,,,,
"""130240349570159612121""",10.200.79.4,ALW_CHERAI_SWITCH.federalbank.co.in,,Gi1/0/6,UP,Ethernet,GigabitEthernet1/0/6,STRING:,300,Enabled,,,,,Secondary,,,,
"""130240349570159612143""",10.200.79.4,ALW_CHERAI_SWITCH.federalbank.co.in,,Gi1/0/17,UP,Ethernet,GigabitEthernet1/0/17,STRING:,300,Enabled,,,,,Secondary,,,,
"""131200525846214348860""",10.200.77.4,ALW_ANGAMALY-SOUTH_Switch.federalbank.co.in,,Gi1/0/4,UP,Ethernet,GigabitEthernet1/0/4,STRING:,300,Enabled,,,,,Secondary,,,,
"""131299891975654740193""",10.202.37.4,TVM_EDAVA_SWITCH.federalbank.co.in,,Gi1/0/14,UP,Ethernet,GigabitEthernet1/0/14,STRING:,300,Enabled,,,,,Primary,,,,
"""128532201258167046698""",10.202.34.4,TVM_KALLIKKAD_SW.federalbank.co.in,,Vl982,UP,Prop Virtual,Vlan982,STRING:,300,Enabled,,,,,Primary,,,,
"""130461651524624847013""",10.202.50.4,TVM_VATTAPPARA_SW.federalbank.co.in,,Gi1/0/3,UP,Ethernet,GigabitEthernet1/0/3,STRING:,300,Enabled,,,,,Secondary,,,,
"""130461651524624847023""",10.202.50.4,TVM_VATTAPPARA_SW.federalbank.co.in,,Gi1/0/8,UP,Ethernet,GigabitEthernet1/0/8,STRING:,300,Enabled,,,,,Primary,,,,
"""125374409676164174523""",10.202.58.4,TVM_CHITTUMALA_SWITCH.federalbank.co.in,,Gi1/0/21,UP,Ethernet,GigabitEthernet1/0/21,STRING:,300,Enabled,,,,,Primary,,,,
"""129771153404233519563""",10.202.73.4,TVM_VATTIYOORKAVU_switch.federalbank.co.in,,Gi1/0/3,UP,Ethernet,GigabitEthernet1/0/3,STRING:,300,Enabled,,,,,Primary,,,,
"""129771153404233519571""",10.202.73.4,TVM_VATTIYOORKAVU_switch.federalbank.co.in,,Gi1/0/7,UP,Ethernet,GigabitEthernet1/0/7,STRING:,300,Enabled,,,,,Primary,,,,
"""129771153404233519603""",10.202.73.4,TVM_VATTIYOORKAVU_switch.federalbank.co.in,,Gi1/0/23,UP,Ethernet,GigabitEthernet1/0/23,\--- VODAFONE 4 mbps ---,300,Enabled,,,,,Primary,,,,
"""131340836862570795384""",10.202.59.4,TVM_POOVAR_SWITCH.federalbank.co.in,,Gi1/0/21,UP,Ethernet,GigabitEthernet1/0/21,STRING:,300,Enabled,,,,,Primary,,,,
"""128532233999239614567""",10.203.0.107,THR_POONKUNNAM_SINGLE.federalbank.co.in,,Gi0/0.1,UP,L2 VLAN,GigabitEthernet0/0.1,\--- LAN ---,300,Enabled,,,,,Secondary,,,,
"""125374409676164174559""",10.202.78.4,TVM_GOKULAM_MEDCLG_SW.federalbank.co.in,10.202.78.4,Vl1,UP,Prop Virtual,Vlan1,STRING:,300,Enabled,,,,,Primary,,,,
"""125374599055230898187""",10.202.78.4,TVM_GOKULAM_MEDCLG_SW.federalbank.co.in,,Gi1/0/19,UP,Ethernet,GigabitEthernet1/0/19,STRING:,300,Enabled,,,,,Primary,,,,
"""129771153404233519647""",10.202.74.4,TVM_ATTINGAL_SW.federalbank.co.in,,Gi1/0/2,UP,Ethernet,GigabitEthernet1/0/2,STRING:,300,Enabled,,,,,Primary,,,,
"""129771153404233519655""",10.202.74.4,TVM_ATTINGAL_SW.federalbank.co.in,,Gi1/0/6,UP,Ethernet,GigabitEthernet1/0/6,STRING:,300,Enabled,,,,,Primary,,,,
"""129771153404233519667""",10.202.74.4,TVM_ATTINGAL_SW.federalbank.co.in,,Gi1/0/12,UP,Ethernet,GigabitEthernet1/0/12,STRING:,300,Enabled,,,,,Primary,,,,
"""129771153404233519675""",10.202.74.4,TVM_ATTINGAL_SW.federalbank.co.in,,Gi1/0/16,UP,Ethernet,GigabitEthernet1/0/16,STRING:,300,Enabled,,,,,Primary,,,,
"""129771153404233519689""",10.202.74.4,TVM_ATTINGAL_SW.federalbank.co.in,,Gi1/0/23,UP,Ethernet,GigabitEthernet1/0/23,STRING:,300,Enabled,,,,,Primary,,,,
"""131293914932198772805""",10.202.76.4,TVM_KUMARAPURAM_SWITCH.federalbank.co.in,,Gi1/0/3,UP,Ethernet,GigabitEthernet1/0/3,STRING:,300,Enabled,,,,,Primary,,,,
"""131293914932198772825""",10.202.76.4,TVM_KUMARAPURAM_SWITCH.federalbank.co.in,,Gi1/0/13,UP,Ethernet,GigabitEthernet1/0/13,STRING:,300,Enabled,,,,,Primary,,,,
"""131293914932198772847""",10.202.76.4,TVM_KUMARAPURAM_SWITCH.federalbank.co.in,,Gi1/0/24,UP,Ethernet,GigabitEthernet1/0/24,\--- Trunk to SEC ---,300,Enabled,,,,,Secondary,,,,
"""130240428288857084300""",10.202.88.4,TVM_PALAYAM_SALES-HUB_SWITCH.federalbank.co.in,,Gi1/0/5,UP,Ethernet,GigabitEthernet1/0/5,STRING:,300,Enabled,,,,,Primary,,,,
"""130240428288857084310""",10.202.88.4,TVM_PALAYAM_SALES-HUB_SWITCH.federalbank.co.in,,Gi1/0/10,UP,Ethernet,GigabitEthernet1/0/10,STRING:,300,Enabled,,,,,Primary,,,,
"""131200610313993982447""",10.203.0.109,THR_OLAVAKKODE_SINGLE.federalbank.co.in,10.237.3.146,Gi0/1,UP,Ethernet,GigabitEthernet0/1,\--- VODAFONE 4 Mbps ---,300,Enabled,Vodafone,,,,Primary,,,,
"""131372209788339360330""",10.203.0.105,THR_ANDATHODU.federalbank.co.in,10.100.241.101,Gi0/0.982,UP,L2 VLAN,GigabitEthernet0/0.982,\--- BSNL 4 Mbps ---,300,Enabled,BSNL;Quadtri,,,,Primary,,,,
"""130461651524624847097""",10.202.65.4,TVM_ALAMKODE_Switch.federalbank.co.in,,Gi1/0/2,UP,Ethernet,GigabitEthernet1/0/2,STRING:,300,Enabled,,,,,Primary,,,,
"""130461651524624847125""",10.202.65.4,TVM_ALAMKODE_Switch.federalbank.co.in,,Gi1/0/16,UP,Ethernet,GigabitEthernet1/0/16,\--- TATA 4 mbps---,300,Enabled,,,,,Secondary,,,,
"""131299891975654740250""",10.202.67.4,TVM_PATTOOR-SERVICE_SW.federalbank.co.in,,Gi1/0/1,UP,Ethernet,GigabitEthernet1/0/1,STRING:,300,Enabled,,,,,Secondary,,,,
"""131299891975654740256""",10.202.67.4,TVM_PATTOOR-SERVICE_SW.federalbank.co.in,,Gi1/0/4,UP,Ethernet,GigabitEthernet1/0/4,STRING:,300,Enabled,,,,,Primary,,,,
"""131299891975654740294""",10.202.67.4,TVM_PATTOOR-SERVICE_SW.federalbank.co.in,,Gi1/0/23,UP,Ethernet,GigabitEthernet1/0/23,STRING:,300,Enabled,,,,,Primary,,,,
"""131040514165179421318""",10.202.88.240,TVM_PALAYAM_SALES_SWITCH.federalbank.co.in,,Gi1/0/24,UP,Ethernet,GigabitEthernet1/0/24,\--- To 10.202.88.4 ---,300,Enabled,,,,,Secondary,,,,
"""131328784085900333148""",10.202.64.4,TVM_MANGALAPURAM_SW.federalbank.co.in,,Gi1/0/9,UP,Ethernet,GigabitEthernet1/0/9,STRING:,300,Enabled,,,,,Secondary,,,,
"""131328784085900333168""",10.202.64.4,TVM_MANGALAPURAM_SW.federalbank.co.in,,Gi1/0/19,UP,Ethernet,GigabitEthernet1/0/19,STRING:,300,Enabled,,,,,Primary,,,,
"""131328784085900333174""",10.202.64.4,TVM_MANGALAPURAM_SW.federalbank.co.in,,Gi1/0/22,UP,Ethernet,GigabitEthernet1/0/22,\--- Trunk to Router ---,300,Enabled,,,,,Primary,,,,
"""129771153404233519724""",10.203.0.14,THR_KODUNGALLOOR_PRI.federalbank.co.in,,Gi0/0,UP,Ethernet,GigabitEthernet0/0,*** LAN ***,300,Enabled,,,,,Primary,,,,
"""131293914932198772879""",10.202.60.4,TVM_THRICHATTUKULAM_switch.federalbank.co.in,10.202.60.4,Vl1,UP,Prop Virtual,Vlan1,STRING:,300,Enabled,,,,,Primary,,,,
"""131293914932198772931""",10.202.60.4,TVM_THRICHATTUKULAM_switch.federalbank.co.in,,Gi1/0/23,UP,Ethernet,GigabitEthernet1/0/23,STRING:,300,Enabled,,,,,Primary,,,,
"""131359118353016820070""",10.203.0.19,THR_THRISUR_MAIN_SINGLE.federalbank.co.in,10.235.2.166,Gi0/0.985,UP,L2 VLAN,GigabitEthernet0/0.985,\--- sify 10 Mbps ---,300,Enabled,Sify,,,,Primary,,,,
"""130240428288857084395""",10.203.0.21,THR_VADANAPALLY_PRI.federalbank.co.in,10.203.21.1;10.203.21.2,BV1,UP,Ethernet,BVI1,\--- LAN ---,300,Enabled,Quadtri,,,,Primary,,,,
"""131372209788339360379""",10.203.0.22,THR_THALAKADATHUR_SINGLE.federalbank.co.in,,Gi0/0.1,UP,L2 VLAN,GigabitEthernet0/0.1,\--- LAN on subinterface ---,300,Enabled,,,,,Secondary,,,,
"""131340836862570795425""",10.203.0.15,THR_KUNNUMKULAM_PRI.federalbank.co.in,10.100.35.141,Gi0/1,UP,Ethernet,GigabitEthernet0/1,\--- BSNL 10 Mbps ---,300,Enabled,BSNL;Quadtri,,,,Primary,,,,
"""128532233999239614662""",10.203.0.42,THR_THRIPAYAR_PRI.federalbank.co.in,10.203.42.1;10.203.42.2,BV1,UP,Ethernet,BVI1,*** LAN ***,300,Enabled,Quadtri,,,,Secondary,,,,
"""129771153404233519771""",10.203.0.23,THR_ALANALLUR_PRI.federalbank.co.in,,Gi0/0,UP,Ethernet,GigabitEthernet0/0,*** LAN ***,300,Enabled,,,,,Primary,,,,
"""130240428288857084432""",10.203.0.26,THR_KALLETTUMKARA_PRI.federalbank.co.in,,Gi0/0,UP,Ethernet,GigabitEthernet0/0,*** LAN ***,300,Enabled,,,,,Primary,,,,
"""131359118353016820110""",10.203.0.35,THR_MUTHALAMADA_PRI.federalbank.co.in,,Gi0/4,UP,Ethernet,GigabitEthernet0/4,\--- LAN ---,300,Enabled,,,,,Secondary,,,,
"""131372209788339360422""",10.203.0.34,THR_OLAIKKARA_PRI.federalbank.co.in,10.100.35.101,Gi0/1,UP,Ethernet,GigabitEthernet0/1,\--- BSNL 6 Mbps ---,300,Enabled,BSNL;Quadtri,,,,Secondary,,,,
"""131040514165179421375""",10.203.0.30,THR_POKKULANGARA_PRI.federalbank.co.in,10.203.30.1;10.203.30.2,BV1,UP,Ethernet,BVI1,*** LAN ***,300,Enabled,Quadtri,,,,Secondary,,,,
"""131299891975654740367""",10.203.0.52,THR_NENMARA_SINGLE.federalbank.co.in,10.235.2.186,Gi0/1.1,UP,L2 VLAN,GigabitEthernet0/1.1,\--- SIFY 4 Mbps ---,300,Enabled,Sify,,,,Primary,,,,
"""130809917231202308289""",10.203.29.4,THR_KULUKKALLUR_SW.federalbank.co.in,,Gi1/0/11,UP,Ethernet,GigabitEthernet1/0/11,STRING:,300,Enabled,,,,,Primary,,,,
"""131359314310094393444""",10.203.77.4,THR_IRINJALAKUDA_NADA_SW.federalbank.co.in,,Gi1/0/3,UP,Ethernet,GigabitEthernet1/0/3,STRING:,300,Enabled,,,,,Secondary,,,,
"""131200804845947719757""",10.204.0.12,KKD_KOZHIKODE_PRI.federalbank.co.in,,Gi0/0,UP,Ethernet,GigabitEthernet0/0,STRING:,300,Enabled,,,,,Secondary,,,,
"""129771326833133884106""",10.204.0.120,KKD_KUTTIADY_SINGLE.federalbank.co.in,10.100.125.157,Gi0/1,UP,Ethernet,GigabitEthernet0/1,\--- BSNL 4 Mbps ---,300,Enabled,BSNL;Quadtri,,,,Secondary,,,,
"""130240615233214222594""",10.204.0.125,KKD_PULIKKAL_SINGLE.federalbank.co.in,,Gi0/0.1,UP,L2 VLAN,GigabitEthernet0/0.1,**** LAN on Sub-Interface ****,300,Enabled,,,,,Secondary,,,,
"""131341025179438420003""",10.204.0.129,KKD_KODENCHERRY_Single.federalbank.co.in,,Gi0/0,UP,Ethernet,GigabitEthernet0/0,\--- LAN ---,300,Enabled,,,,,Secondary,,,,
"""131341025179438420017""",10.204.0.129,KKD_KODENCHERRY_Single.federalbank.co.in,10.204.129.1,BV1,UP,Ethernet,BVI1,\--- LAN ---,300,Enabled,Quadtri;Vodafone,,,,Secondary,,,,
"""131299891975654740589""",10.204.0.124,KKD_MAYYIL.federalbank.co.in,10.100.182.93,Gi0/0.982,UP,L2 VLAN,GigabitEthernet0/0.982,\--- BSNL 4 Mbps ---,300,Enabled,BSNL;Quadtri,,,,Secondary,,,,
"""131328987011562344715""",10.204.0.14,KKD_BEYPORE_PRI.federalbank.co.in,10.100.33.185,Gi0/1,UP,Ethernet,GigabitEthernet0/1,\--- BSNL 6 Mbps ---,300,Enabled,BSNL;Quadtri,,,,Secondary,,,,
"""131040727006578741409""",10.204.0.123,KKD_Uppala.federalbank.co.in,,Gi0/0.1,UP,L2 VLAN,GigabitEthernet0/0.1,\--- LAN ---,300,Enabled,,,,,Secondary,,,,
"""131372426447696171109""",10.204.0.128,KKD-MEDICAL-COLLEGE-SINGLE.federalbank.co.in,,Gi0/0.1,UP,L2 VLAN,GigabitEthernet0/0.1,\--- LAN ---,300,Enabled,,,,,Secondary,,,,
"""129771362185278132273""",10.204.0.28,KKD_SULTHANBATHERY-PRI.federalbank.co.in,,Gi0/0,UP,Ethernet,GigabitEthernet0/0,*** LAN ***,300,Enabled,,,,,Secondary,,,,
"""125374599055499333895""",10.204.0.22,KKD_MALAPPURAM_SINGLE.federalbank.co.in,,Gi0/0,UP,Ethernet,GigabitEthernet0/0,\--- LAN ---,300,Enabled,,,,,Secondary,,,,
"""125374599055499333908""",10.204.0.22,KKD_MALAPPURAM_SINGLE.federalbank.co.in,10.204.22.1,BV1,UP,Ethernet,BVI1,\--- LAN ---,300,Enabled,Quadtri,,,,Secondary,,,,
"""131328987011562344758""",10.204.0.27,KKD_NILESWAR_PRI.federalbank.co.in,,Gi0/4,UP,Ethernet,GigabitEthernet0/4,*** LAN ***,300,Enabled,,,,,Secondary,,,,
"""131294112718932414621""",10.204.0.39,KKD_KELAKAM_PRI.federalbank.co.in,10.100.34.217,Gi0/1,UP,Ethernet,GigabitEthernet0/1,**** BSNL 6 Mbps ****,300,Enabled,BSNL;Quadtri,,,,Secondary,,,,
"""129771362185278132321""",10.204.0.30,KKD-THAMARASSERY-SINGLE.federalbank.co.in,,Gi0/1,UP,Ethernet,GigabitEthernet0/1,STRING:,300,Enabled,,,,,Secondary,,,,
"""129771362185278132331""",10.204.0.30,KKD-THAMARASSERY-SINGLE.federalbank.co.in,10.100.33.217,Gi0/0.982,UP,L2 VLAN,GigabitEthernet0/0.982,\--- BSNL 6 Mbps ---,300,Enabled,BSNL;Quadtri,,,,Secondary,,,,
"""130240615233214222682""",10.204.0.31,KKD-PERAMBRA-PRI.federalbank.co.in,,Gi0/0,UP,Ethernet,GigabitEthernet0/0,\--- LAN ---,300,Enabled,,,,,Secondary,,,,
"""131372426447696171152""",10.204.0.33,KKD_MANJERI_PRI.federalbank.co.in,10.100.34.81,Gi0/1,UP,Ethernet,GigabitEthernet0/1,****Bsnl 6 Mbps***,300,Enabled,BSNL;Quadtri,,,,Secondary,,,,
"""130461837324641636476""",10.204.0.40,KKD_KODUVALLY_PRI.federalbank.co.in,10.204.40.1;10.204.40.2,BV1,UP,Ethernet,BVI1,\--- LAN ---,300,Enabled,Quadtri,,,,Secondary,,,,
"""131341025179438420062""",10.204.0.35,KKD-CHALIYAM-PRI.federalbank.co.in,10.204.35.2,BV1,UP,Ethernet,BVI1,\--- LAN ---,300,Enabled,Quadtri,,,,Secondary,,,,
"""130809917231470743618""",10.204.0.41,KKD_KOORACHUNDA_PRI.federalbank.co.in,10.204.41.1;10.204.41.2,BV1,UP,Ethernet,BVI1,*** LAN ***,300,Enabled,Quadtri,,,,Secondary,,,,
"""131294112718932414669""",10.204.0.36,KKD_CHEMBERI_PRI.federalbank.co.in,,Se0/0/0,DOWN,Serial,Serial0/0/0,STRING:,300,Enabled,,,,,Secondary,,,,
"""131299891975654740677""",10.204.0.37,KKD_CHRUPUZHA_PRI.federalbank.co.in,10.100.34.233,Gi0/1,UP,Ethernet,GigabitEthernet0/1,\--- BSNL 4 Mbps ---,300,Enabled,BSNL;Quadtri,,,,Secondary,,,,
"""131328987011562344784""",10.204.0.34,KKD_BEEMANODI_PRI.federalbank.co.in,10.100.34.209,Gi0/5,UP,Ethernet,GigabitEthernet0/5,**** BSNL 4 Mbps ****,300,Enabled,BSNL;Quadtri,,,,Secondary,,,,
"""128532418969253974109""",10.203.93.4,THR_KOLAPULLY_Switch.federalbank.co.in,,Gi1/0/6,UP,Ethernet,GigabitEthernet1/0/6,STRING:,300,Enabled,,,,,Secondary,,,,
"""128532418969253974119""",10.203.93.4,THR_KOLAPULLY_Switch.federalbank.co.in,,Gi1/0/11,UP,Ethernet,GigabitEthernet1/0/11,STRING:,300,Enabled,,,,,Secondary,,,,
"""130461837324641636510""",10.204.0.42,KKD_MOTTANTHARRA_PRI.federalbank.co.in,,Gi0/4,UP,Ethernet,GigabitEthernet0/4,*** LAN ***,300,Enabled,,,,,Secondary,,,,
"""131359314310362828967""",10.204.0.43,KKD_MUKKAM_PRI.federalbank.co.in,10.100.33.205,Gi0/1,UP,Ethernet,GigabitEthernet0/1,**** BSNL 6 Mbps ****,300,Enabled,BSNL;Quadtri,,,,Secondary,,,,
"""131372426447696171208""",10.204.0.49,KKD_VALLITHODE_PRI.federalbank.co.in,10.204.26.1;10.204.26.2;10.204.49.1;10.204.49.2,BV1,UP,Ethernet,BVI1,\--- LAN ---,300,Enabled,Quadtri,,,,Secondary,,,,
"""128532418969522409523""",10.204.0.56,KKD-PANDIKAD-PRI.federalbank.co.in,,Gi0/0,UP,Ethernet,GigabitEthernet0/0,\--- LAN ---,300,Enabled,,,,,Secondary,,,,
"""125374599055499333944""",10.204.0.54,KKD-KUTTIPURAM-PRI.federalbank.co.in,10.100.34.145,Gi0/1,UP,Ethernet,GigabitEthernet0/1,\--- BSNL 6 Mbps ---,300,Enabled,BSNL;Quadtri,,,,Secondary,,,,
"""130809956061464760594""",10.204.119.4,KKD_PAZHAYANGADI_switch.federalbank.co.in,,Gi1/0/16,UP,Ethernet,GigabitEthernet1/0/16,STRING:,300,Enabled,,,,,Secondary,,,,
"""131328987011830780444""",10.204.43.4,KKD_MUKKAM_switch.federalbank.co.in,,Gi1/0/14,UP,Ethernet,GigabitEthernet1/0/14,STRING:,300,Enabled,,,,,Primary,,,,
"""131040727006847177122""",10.204.44.240,KKD_KANNUR-SOUTH-BAZAR_SW2.federalbank.co.in,,Gi1/0/2,UP,Ethernet,GigabitEthernet1/0/2,STRING:,300,Enabled,,,,,Primary,,,,
"""131040727006847177134""",10.204.44.240,KKD_KANNUR-SOUTH-BAZAR_SW2.federalbank.co.in,,Gi1/0/8,UP,Ethernet,GigabitEthernet1/0/8,STRING:,300,Enabled,,,,,Primary,,,,
"""131300125691131990484""",10.204.44.4,KKD_KANNUR_SOUTH_BAZAR_switch.federalbank.co.in,,Gi1/0/24,UP,Ethernet,GigabitEthernet1/0/24,STRING:,300,Enabled,,,,,Primary,,,,
"""125374660427360768441""",10.204.44.241,KKD_KANNUR-SOUTH-BAZAR_SW3.federalbank.co.in,,Gi1/0/5,UP,Ethernet,GigabitEthernet1/0/5,STRING:,300,Enabled,,,,,Primary,,,,
"""125374660427360768477""",10.204.44.241,KKD_KANNUR-SOUTH-BAZAR_SW3.federalbank.co.in,,Gi1/0/23,UP,Ethernet,GigabitEthernet1/0/23,STRING:,300,Enabled,,,,,Primary,,,,
"""128532450647590572475""",10.204.29.4,KKD_THALIPARAMBU_SWITCH.federalbank.co.in,,Gi1/0/15,UP,Ethernet,GigabitEthernet1/0/15,STRING:,300,Enabled,,,,,Primary,,,,
"""128532450647590572481""",10.204.29.4,KKD_THALIPARAMBU_SWITCH.federalbank.co.in,,Gi1/0/18,UP,Ethernet,GigabitEthernet1/0/18,STRING:,300,Enabled,,,,,Primary,,,,
"""131341025179706855656""",10.204.41.4,KKD_KOORACHUNDA_SW.federalbank.co.in,,Gi1/0/2,UP,Ethernet,GigabitEthernet1/0/2,STRING:,300,Enabled,,,,,Primary,,,,
"""131200864324802318468""",10.204.40.4,KKD_KODUVALLY_switch.federalbank.co.in,,Gi1/0/13,UP,Ethernet,GigabitEthernet1/0/13,STRING:,300,Enabled,,,,,Primary,,,,
"""131372462375634473331""",10.204.50.4,KKD_OORAKAM_SW.federalbank.co.in,,Gi1/0/13,UP,Ethernet,GigabitEthernet1/0/13,STRING:,300,Enabled,,,,,Primary,,,,
"""131372462375634473399""",10.204.54.4,KKD_KUTTIPURAM_SW.federalbank.co.in,,Gi1/0/4,UP,Ethernet,GigabitEthernet1/0/4,STRING:,300,Enabled,,,,,Primary,,,,
"""131372462375634473407""",10.204.54.4,KKD_KUTTIPURAM_SW.federalbank.co.in,,Gi1/0/8,UP,Ethernet,GigabitEthernet1/0/8,STRING:,300,Enabled,,,,,Primary,,,,
"""131372462375634473427""",10.204.54.4,KKD_KUTTIPURAM_SW.federalbank.co.in,,Gi1/0/18,UP,Ethernet,GigabitEthernet1/0/18,STRING:,300,Enabled,,,,,Primary,,,,
"""131294148427290513854""",10.204.48.4,KKD_ULIKKAL_SWITCH.federalbank.co.in,,Gi1/0/4,UP,Ethernet,GigabitEthernet1/0/4,STRING:,300,Enabled,,,,,Primary,,,,
"""131294148427290513864""",10.204.48.4,KKD_ULIKKAL_SWITCH.federalbank.co.in,,Gi1/0/9,UP,Ethernet,GigabitEthernet1/0/9,STRING:,300,Enabled,,,,,Primary,,,,
"""131294148427290513880""",10.204.48.4,KKD_ULIKKAL_SWITCH.federalbank.co.in,,Gi1/0/17,UP,Ethernet,GigabitEthernet1/0/17,STRING:,300,Enabled,,,,,Primary,,,,
"""130240649871588594284""",10.204.61.4,KKD_MANANTHAVADY_SWITCH.federalbank.co.in,,Gi1/0/9,UP,Ethernet,GigabitEthernet1/0/9,STRING:,300,Enabled,,,,,Primary,,,,
"""130240649871588594290""",10.204.61.4,KKD_MANANTHAVADY_SWITCH.federalbank.co.in,,Gi1/0/12,DOWN,Ethernet,GigabitEthernet1/0/12,STRING:,300,Enabled,,,,,Primary,,,,
"""128532450647859007565""",10.204.56.4,KKD_PANDIKAD_switch.federalbank.co.in,,Gi1/0/17,UP,Ethernet,GigabitEthernet1/0/17,STRING:,300,Enabled,,,,,Primary,,,,
"""130809956061464760873""",10.204.52.4,KKD_ARECODE_SWITCH.federalbank.co.in,,Gi1/0/1,UP,Ethernet,GigabitEthernet1/0/1,STRING:,300,Enabled,,,,,Primary,,,,
"""130809956061464760885""",10.204.52.4,KKD_ARECODE_SWITCH.federalbank.co.in,,Gi1/0/7,UP,Ethernet,GigabitEthernet1/0/7,STRING:,300,Enabled,,,,,Secondary,,,,
"""130809956061464760893""",10.204.52.4,KKD_ARECODE_SWITCH.federalbank.co.in,,Gi1/0/11,UP,Ethernet,GigabitEthernet1/0/11,STRING:,300,Enabled,,,,,Primary,,,,
"""130809956061464760905""",10.204.52.4,KKD_ARECODE_SWITCH.federalbank.co.in,,Gi1/0/17,UP,Ethernet,GigabitEthernet1/0/17,STRING:,300,Enabled,,,,,Primary,,,,
"""130809956061464760917""",10.204.52.4,KKD_ARECODE_SWITCH.federalbank.co.in,,Gi1/0/23,UP,Ethernet,GigabitEthernet1/0/23,STRING:,300,Enabled,,,,,Secondary,,,,
"""125374660427360768535""",10.204.68.4,KKD_EDAPPAL_switch.federalbank.co.in,,Gi1/0/1,UP,Ethernet,GigabitEthernet1/0/1,STRING:,300,Enabled,,,,,Primary,,,,
"""125374660427360768543""",10.204.68.4,KKD_EDAPPAL_switch.federalbank.co.in,,Gi1/0/5,UP,Ethernet,GigabitEthernet1/0/5,STRING:,300,Enabled,,,,,Primary,,,,
"""125374660427360768561""",10.204.68.4,KKD_EDAPPAL_switch.federalbank.co.in,,Gi1/0/14,UP,Ethernet,GigabitEthernet1/0/14,STRING:,300,Enabled,,,,,Secondary,,,,
"""125374660427360768575""",10.204.68.4,KKD_EDAPPAL_switch.federalbank.co.in,,Gi1/0/21,UP,Ethernet,GigabitEthernet1/0/21,STRING:,300,Enabled,,,,,Primary,,,,
"""131300125691131990525""",10.204.59.4,KKD_PANOOR_SW.federalbank.co.in,,Gi1/0/2,UP,Ethernet,GigabitEthernet1/0/2,STRING:,300,Enabled,,,,,Secondary,,,,
"""131300125691131990539""",10.204.59.4,KKD_PANOOR_SW.federalbank.co.in,,Gi1/0/9,UP,Ethernet,GigabitEthernet1/0/9,STRING:,300,Enabled,,,,,Primary,,,,
"""131300125691131990553""",10.204.59.4,KKD_PANOOR_SW.federalbank.co.in,,Gi1/0/16,UP,Ethernet,GigabitEthernet1/0/16,STRING:,300,Enabled,,,,,Primary,,,,
"""131300125691131990561""",10.204.59.4,KKD_PANOOR_SW.federalbank.co.in,,Gi1/0/20,UP,Ethernet,GigabitEthernet1/0/20,STRING:,300,Enabled,,,,,Primary,,,,
"""131329041877085196296""",10.204.63.4,KKD_RAMANATTUKARA_SW.federalbank.co.in,10.204.63.4,Vl1,UP,Prop Virtual,Vlan1,STRING:,300,Enabled,,,,,Primary,,,,
"""131329041877085196316""",10.204.63.4,KKD_RAMANATTUKARA_SW.federalbank.co.in,,Gi1/0/7,UP,Ethernet,GigabitEthernet1/0/7,STRING:,300,Enabled,,,,,Primary,,,,
"""131329041877085196324""",10.204.63.4,KKD_RAMANATTUKARA_SW.federalbank.co.in,,Gi1/0/11,UP,Ethernet,GigabitEthernet1/0/11,STRING:,300,Enabled,,,,,Primary,,,,
"""131341076534362378403""",10.204.74.4,KKD_PARAPPANANGADI_Switch.federalbank.co.in,,Gi1/0/10,DOWN,Ethernet,GigabitEthernet1/0/10,STRING:,300,Enabled,,,,,Secondary,,,,
"""131359379234699087960""",10.204.83.4,KKD_THENHIPALAM_switch.federalbank.co.in,,Gi1/0/2,UP,Ethernet,GigabitEthernet1/0/2,STRING:,300,Enabled,,,,,Primary,,,,
"""131359379234699087998""",10.204.83.4,KKD_THENHIPALAM_switch.federalbank.co.in,,Gi1/0/21,UP,Ethernet,GigabitEthernet1/0/21,STRING:,300,Enabled,,,,,Secondary,,,,
"""125374660427360768623""",10.204.94.4,KKD_PAYYOLI_SW.federalbank.co.in,,Gi1/0/1,UP,Ethernet,GigabitEthernet1/0/1,STRING:,300,Enabled,,,,,Secondary,,,,
"""130935062924731879477""",10.205.0.22,KTM_THALAYOLAPARAMBU_PRI.federalbank.co.in,10.100.33.65,Gi0/5,UP,Ethernet,GigabitEthernet0/5,***BSNL 6 Mbps***,300,Enabled,BSNL;Quadtri,,,,Secondary,,,,
"""130935062924731879495""",10.205.0.22,KTM_THALAYOLAPARAMBU_PRI.federalbank.co.in,10.205.22.1;10.205.22.2,BV1,UP,Ethernet,BVI1,*** LAN ***,300,Enabled,Quadtri,,,,Primary,,,,
"""131256448262538793011""",10.205.0.26,KTM-ERUMELY-PRI.federalbank.co.in,,Gi0/0,DOWN,Ethernet,GigabitEthernet0/0,\--- LAN ---,300,Enabled,,,,,Primary,,,,
"""131256448262538793057""",10.205.0.20,KTM_PERUNNA_PRI.federalbank.co.in,,Gi0/4,UP,Ethernet,GigabitEthernet0/4,****LAN****,300,Enabled,,,,,Secondary,,,,
"""130289119130232557622""",10.205.0.27,KTM-IDUKKI-PRI.federalbank.co.in,10.100.32.213,Gi0/1,UP,Ethernet,GigabitEthernet0/1,\--- BSNL 4 Mbps ---,300,Enabled,BSNL;Quadtri,,,,Secondary,,,,
"""131206350344779993237""",10.205.0.68,KTM_MANIMALA_PRI.federalbank.co.in,10.100.106.61,Gi0/1,UP,Ethernet,GigabitEthernet0/1,*** BSNL 4 Mbps ***,300,Enabled,BSNL;Quadtri,,,,Secondary,,,,
"""129310751437785927921""",10.205.0.47,KTM_UZHAVOOR_Single.federalbank.co.in,,Gi0/0.1,UP,L2 VLAN,GigabitEthernet0/0.1,\--- LAN on Sub-Interface ---,300,Enabled,,,,,Secondary,,,,
"""130921429727334895650""",10.205.0.60,KTM_THELLAKAM_PRI.federalbank.co.in,,Gi0/0,UP,Ethernet,GigabitEthernet0/0,\--- LAN ---,300,Enabled,,,,,Secondary,,,,
"""130921429727334895661""",10.205.0.60,KTM_THELLAKAM_PRI.federalbank.co.in,10.205.60.1;10.205.60.2,BV1,UP,Ethernet,BVI1,\--- LAN ---,300,Enabled,Quadtri,,,,Secondary,,,,
"""131347520483176222781""",10.205.0.70,KTM_VENGALLUR_SINGLE.federalbank.co.in,,Gi0/0.1,UP,L2 VLAN,GigabitEthernet0/0.1,\--- LAN on Sub-Interface ---,300,Enabled,,,,,Secondary,,,,
"""128987607788686414176""",10.205.0.69,KTM_KOTTARAMATTUM_SINGLE.federalbank.co.in,,Gi0/0,UP,Ethernet,GigabitEthernet0/0,\--- To Subinterface ---,300,Enabled,,,,,Secondary,,,,
"""128987607788686414187""",10.205.0.69,KTM_KOTTARAMATTUM_SINGLE.federalbank.co.in,10.100.106.109,Gi0/0.982,UP,L2 VLAN,GigabitEthernet0/0.982,***BSNL 4 Mbps***,300,Enabled,BSNL;Quadtri,,,,Secondary,,,,
"""129310751437785927964""",10.205.0.73,KTM_THALANAD_PRI.federalbank.co.in,,Gi0/0,UP,Ethernet,GigabitEthernet0/0,*** LAN ***,300,Enabled,,,,,Secondary,,,,
"""129310751437785927966""",10.205.0.73,KTM_THALANAD_PRI.federalbank.co.in,10.100.125.205,Gi0/1,UP,Ethernet,GigabitEthernet0/1,**** BSNL 4 Mbps ****,300,Enabled,BSNL;Quadtri,,,,Primary,,,,
"""130935062924731879635""",10.205.16.241,KTM-MAIN-ARUBA-SW1,,01-01-2001,DOWN,Ethernet,01-01-2001,STRING:,300,Enabled,,,,,Secondary,,,,
"""130935062924731879639""",10.205.16.241,KTM-MAIN-ARUBA-SW1,,01-01-2003,UP,Ethernet,01-01-2003,STRING:,300,Enabled,,,,,Primary,,,,
"""130935062924731879643""",10.205.16.241,KTM-MAIN-ARUBA-SW1,,01-01-2005,DOWN,Ethernet,01-01-2005,STRING:,300,Enabled,,,,,Secondary,,,,
"""130935062924731879665""",10.205.16.241,KTM-MAIN-ARUBA-SW1,,01-01-2016,UP,Ethernet,01-01-2016,STRING:,300,Enabled,,,,,Secondary,,,,
"""130935062924731879681""",10.205.16.241,KTM-MAIN-ARUBA-SW1,,01-01-2024,UP,Ethernet,01-01-2024,STRING:,300,Enabled,,,,,Secondary,,,,
"""131206350344779993280""",10.205.0.78,KTM_NAGAMPADAM_PRI.federalbank.co.in,,Gi0/0,UP,Ethernet,GigabitEthernet0/0,*** LAN ***,300,Enabled,,,,,Secondary,,,,
"""110134220126522708071""",10.205.18.4,KTM_PALA_Switch.federalbank.co.in,,Gi1/0/23,UP,Ethernet,GigabitEthernet1/0/23,STRING:,300,Enabled,,,,,Secondary,,,,
"""131206350344779993383""",10.205.19.4,KTM_PAMPADY_switch.federalbank.co.in,,Gi1/0/1,UP,Ethernet,GigabitEthernet1/0/1,STRING:,300,Enabled,,,,,Secondary,,,,
"""131206350344779993395""",10.205.19.4,KTM_PAMPADY_switch.federalbank.co.in,,Gi1/0/7,UP,Ethernet,GigabitEthernet1/0/7,STRING:,300,Enabled,,,,,Secondary,,,,
"""131206350344779993427""",10.205.19.4,KTM_PAMPADY_switch.federalbank.co.in,,Gi1/0/23,UP,Ethernet,GigabitEthernet1/0/23,STRING:,300,Enabled,,,,,Secondary,,,,
"""128987607788686414237""",10.205.13.4,KTM_ETTUMANOOR_SW.federalbank.co.in,,Gi1/0/3,UP,Ethernet,GigabitEthernet1/0/3,STRING:,300,Enabled,,,,,Secondary,,,,
"""128987607788686414277""",10.205.13.4,KTM_ETTUMANOOR_SW.federalbank.co.in,,Gi1/0/23,UP,Ethernet,GigabitEthernet1/0/23,\--- TRUNK ---,300,Enabled,,,,,Secondary,,,,
"""129310751437785928587""",10.205.51.4,KTM_VAKATHANAM_Switch.federalbank.co.in,,Gi1/0/17,UP,Ethernet,GigabitEthernet1/0/17,STRING:,300,Enabled,,,,,Secondary,,,,
"""129310803002357977099""",10.205.57.4,KTM_NEENDOOR_SW.federalbank.co.in,,Gi1/0/7,UP,Ethernet,GigabitEthernet1/0/7,STRING:,300,Enabled,,,,,Secondary,,,,
"""128987653689270342047""",10.205.78.4,KTM_NAGAMPADAM_SWITCH1.federalbank.co.in,,Gi1/0/20,UP,Ethernet,GigabitEthernet1/0/20,STRING:,300,Enabled,,,,,Primary,,,,
"""131347520483444658362""",10.206.0.30,ALP_THIRUVANDOOR_PRI.federalbank.co.in,,Gi0/4,UP,Ethernet,GigabitEthernet0/4,*** LAN ***,300,Enabled,,,,,Primary,,,,
"""128880465759200875279""",10.206.0.29,ALP_THANKEY_PRI.federalbank.co.in,10.100.34.169,Gi0/1,UP,Ethernet,GigabitEthernet0/1,*** Bsnl 4 Mbps ***,300,Enabled,BSNL;Quadtri,,,,Primary,,,,
"""129310803002357977350""",10.206.0.20,ALP_CHUNAKKARA_PRI.federalbank.co.in,10.206.20.2,BV1,UP,Ethernet,BVI1,\--- LAN ---,300,Enabled,BSNL;Quadtri,,,,Primary,,,,
"""127438436846925779452""",10.206.12.4,ALP_CHENGANNUR_Switch.federalbank.co.in,,Gi1/0/6,UP,Ethernet,GigabitEthernet1/0/6,STRING:,300,Enabled,,,,,Primary,,,,
"""131256448262807228807""",10.206.14.240,ALP_MAVELIKKARA_SW01.federalbank.co.in,,Gi1/0/23,UP,Ethernet,GigabitEthernet1/0/23,\--- Trunk to PRI ---,300,Enabled,,,,,Primary,,,,
"""130289172038324064786""",10.206.23.4,ALP_KATTANAM_Switch.federalbank.co.in,,Gi1/0/22,UP,Ethernet,GigabitEthernet1/0/22,\--- BSNL 4 Mbps ---,300,Enabled,,,,,Secondary,,,,
"""123351941959457444645""",10.206.24.4,ALP_MAMKAMUZHY_SW.federalbank.co.in,,Gi1/0/4,UP,Ethernet,GigabitEthernet1/0/4,STRING:,300,Enabled,,,,,Secondary,,,,
"""129310803002357977661""",10.206.26.4,ALP_MANNAR_Switch.federalbank.co.in,10.206.26.4,Vl1,UP,Prop Virtual,Vlan1,STRING:,300,Enabled,,,,,Primary,,,,
"""123352034429029585072""",10.206.31.4,ALP_THUMPOLY_SWITCH.federalbank.co.in,,Gi1/0/8,DOWN,Ethernet,GigabitEthernet1/0/8,STRING:,300,Enabled,,,,,Primary,,,,
"""123352034429029585092""",10.206.31.4,ALP_THUMPOLY_SWITCH.federalbank.co.in,,Gi1/0/18,UP,Ethernet,GigabitEthernet1/0/18,STRING:,300,Enabled,,,,,Primary,,,,
"""128880540845966627032""",10.206.28.4,ALP_MULAKUZHA_SWITCH.federalbank.co.in,,Gi1/0/1,UP,Ethernet,GigabitEthernet1/0/1,STRING:,300,Enabled,,,,,Primary,,,,
"""128880540845966627046""",10.206.28.4,ALP_MULAKUZHA_SWITCH.federalbank.co.in,,Gi1/0/8,UP,Ethernet,GigabitEthernet1/0/8,STRING:,300,Enabled,,,,,Primary,,,,
"""128880540845966627054""",10.206.28.4,ALP_MULAKUZHA_SWITCH.federalbank.co.in,,Gi1/0/12,DOWN,Ethernet,GigabitEthernet1/0/12,STRING:,300,Enabled,,,,,Primary,,,,
"""130935117246672933190""",10.206.29.4,ALP_THANKEY_Switch.federalbank.co.in,,Gi1/0/1,UP,Ethernet,GigabitEthernet1/0/1,STRING:,300,Enabled,,,,,Primary,,,,
"""130935117246672933200""",10.206.29.4,ALP_THANKEY_Switch.federalbank.co.in,,Gi1/0/6,DOWN,Ethernet,GigabitEthernet1/0/6,STRING:,300,Enabled,,,,,Primary,,,,
"""130935117246672933212""",10.206.29.4,ALP_THANKEY_Switch.federalbank.co.in,,Gi1/0/12,UP,Ethernet,GigabitEthernet1/0/12,STRING:,300,Enabled,,,,,Primary,,,,
"""131347605298311336192""",10.206.34.4,ALP_ALA_Switch.federalbank.co.in,10.206.34.4,Vl1,UP,Prop Virtual,Vlan1,STRING:,300,Enabled,,,,,Primary,,,,
"""131347605298311336240""",10.206.34.4,ALP_ALA_Switch.federalbank.co.in,,Gi1/0/21,UP,Ethernet,GigabitEthernet1/0/21,STRING:,300,Enabled,,,,,Primary,,,,
"""110134296164892151958""",10.206.32.4,ALP_MUTTAM_Switch.federalbank.co.in,,Gi1/0/1,UP,Ethernet,GigabitEthernet1/0/1,STRING:,300,Enabled,,,,,Primary,,,,
"""110134296164892151964""",10.206.32.4,ALP_MUTTAM_Switch.federalbank.co.in,,Gi1/0/4,DOWN,Ethernet,GigabitEthernet1/0/4,STRING:,300,Enabled,,,,,Primary,,,,
"""110134296164892152002""",10.206.32.4,ALP_MUTTAM_Switch.federalbank.co.in,,Gi1/0/23,UP,Ethernet,GigabitEthernet1/0/23,STRING:,300,Enabled,,,,,Primary,,,,
"""130921429727334896144""",10.206.39.4,ALP_KIDANGARA_Switch.federalbank.co.in,,Gi1/0/1,DOWN,Ethernet,GigabitEthernet1/0/1,STRING:,300,Enabled,,,,,Primary,,,,
"""130921429727603331082""",10.206.39.4,ALP_KIDANGARA_Switch.federalbank.co.in,,Gi1/0/15,DOWN,Ethernet,GigabitEthernet1/0/15,STRING:,300,Enabled,,,,,Primary,,,,
"""131256536626122199238""",10.206.27.4,ALP_MARARIKULAM_SW.federalbank.co.in,10.206.27.4,Vl1,UP,Prop Virtual,Vlan1,STRING:,300,Enabled,,,,,Primary,,,,
"""131256536626122199254""",10.206.27.4,ALP_MARARIKULAM_SW.federalbank.co.in,,Gi1/0/5,DOWN,Ethernet,GigabitEthernet1/0/5,STRING:,300,Enabled,,,,,Primary,,,,
"""131256536626122199264""",10.206.27.4,ALP_MARARIKULAM_SW.federalbank.co.in,,Gi1/0/10,UP,Ethernet,GigabitEthernet1/0/10,STRING:,300,Enabled,,,,,Primary,,,,
"""131256536626122199278""",10.206.27.4,ALP_MARARIKULAM_SW.federalbank.co.in,,Gi1/0/17,UP,Ethernet,GigabitEthernet1/0/17,STRING:,300,Enabled,,,,,Primary,,,,
"""131206422320378810867""",10.206.33.4,ALP_AROOR_Switch.federalbank.co.in,,Gi1/0/2,UP,Ethernet,GigabitEthernet1/0/2,STRING:,300,Enabled,,,,,Primary,,,,
"""131206422320378810903""",10.206.33.4,ALP_AROOR_Switch.federalbank.co.in,,Gi1/0/20,UP,Ethernet,GigabitEthernet1/0/20,STRING:,300,Enabled,,,,,Primary,,,,
"""130759397624159146626""",10.206.46.4,ALP_KYM_COLLEGE_JN_Switch.federalbank.co.in,,Gi1/0/7,UP,Ethernet,GigabitEthernet1/0/7,STRING:,300,Enabled,,,,,Primary,,,,
"""130759397624159146640""",10.206.46.4,ALP_KYM_COLLEGE_JN_Switch.federalbank.co.in,,Gi1/0/14,UP,Ethernet,GigabitEthernet1/0/14,STRING:,300,Enabled,,,,,Secondary,,,,
"""130759397624159146660""",10.206.46.4,ALP_KYM_COLLEGE_JN_Switch.federalbank.co.in,,Gi1/0/24,UP,Ethernet,GigabitEthernet1/0/24,STRING:,300,Enabled,,,,,Primary,,,,
"""110134296165160587270""",10.206.43.4,ALP_POOCHAKKAL_SWITCH.federalbank.co.in,,Gi1/0/3,DOWN,Ethernet,GigabitEthernet1/0/3,STRING:,300,Enabled,,,,,Secondary,,,,
"""110134296165160587278""",10.206.43.4,ALP_POOCHAKKAL_SWITCH.federalbank.co.in,,Gi1/0/7,UP,Ethernet,GigabitEthernet1/0/7,STRING:,300,Enabled,,,,,Primary,,,,
"""110134296165160587292""",10.206.43.4,ALP_POOCHAKKAL_SWITCH.federalbank.co.in,,Gi1/0/14,UP,Ethernet,GigabitEthernet1/0/14,STRING:,300,Enabled,,,,,Primary,,,,
"""130289172038592499922""",10.206.42.4,ALP_NEDUMUDY_Switch.federalbank.co.in,,Gi1/0/6,UP,Ethernet,GigabitEthernet1/0/6,STRING:,300,Enabled,,,,,Secondary,,,,
"""130289172038592499932""",10.206.42.4,ALP_NEDUMUDY_Switch.federalbank.co.in,,Gi1/0/11,DOWN,Ethernet,GigabitEthernet1/0/11,STRING:,300,Enabled,,,,,Secondary,,,,
"""130289172038592499958""",10.206.42.4,ALP_NEDUMUDY_Switch.federalbank.co.in,,Gi1/0/24,UP,Ethernet,GigabitEthernet1/0/24,STRING:,300,Enabled,,,,,Secondary,,,,
"""123352034429029585146""",10.206.40.4,ALP_KODUKULANJI_SWITCH.federalbank.co.in,,Gi1/0/3,UP,Ethernet,GigabitEthernet1/0/3,STRING:,300,Enabled,,,,,Secondary,,,,
"""123352034429029585176""",10.206.40.4,ALP_KODUKULANJI_SWITCH.federalbank.co.in,,Gi1/0/18,UP,Ethernet,GigabitEthernet1/0/18,STRING:,300,Enabled,,,,,Secondary,,,,
"""129310858144369348667""",10.206.37.4,ALP_CHAMPAKULAM_SWITCH.federalbank.co.in,10.206.37.4,Vl1,UP,Prop Virtual,Vlan1,STRING:,300,Enabled,,,,,Secondary,,,,
"""129310858144369348687""",10.206.37.4,ALP_CHAMPAKULAM_SWITCH.federalbank.co.in,,Gi1/0/7,DOWN,Ethernet,GigabitEthernet1/0/7,STRING:,300,Enabled,,,,,Secondary,,,,
"""129310858144369348695""",10.206.37.4,ALP_CHAMPAKULAM_SWITCH.federalbank.co.in,,Gi1/0/11,UP,Ethernet,GigabitEthernet1/0/11,STRING:,300,Enabled,,,,,Primary,,,,
"""129310858144369348719""",10.206.37.4,ALP_CHAMPAKULAM_SWITCH.federalbank.co.in,,Gi1/0/23,UP,Ethernet,GigabitEthernet1/0/23,STRING:,300,Enabled,,,,,Secondary,,,,
"""128987692037422714982""",10.206.47.4,ALP_PACHA_SW.federalbank.co.in,,Gi1/0/7,UP,Ethernet,GigabitEthernet1/0/7,STRING:,300,Enabled,,,,,Secondary,,,,
"""128987692037422714996""",10.206.47.4,ALP_PACHA_SW.federalbank.co.in,,Gi1/0/14,UP,Ethernet,GigabitEthernet1/0/14,STRING:,300,Enabled,,,,,Primary,,,,
"""130935117246672933276""",10.206.48.4,VANDANAM_SWITCH.federalbank.co.in,,Gi1/0/1,UP,Ethernet,GigabitEthernet1/0/1,STRING:,300,Enabled,,,,,Primary,,,,
"""130935117246672933278""",10.206.48.4,VANDANAM_SWITCH.federalbank.co.in,,Gi1/0/2,UP,Ethernet,GigabitEthernet1/0/2,STRING:,300,Enabled,,,,,Secondary,,,,
"""128880540845966627110""",10.206.44.4,ALP_PUTHENANGADI_SWITCH.federalbank.co.in,10.206.44.4,Vl1,UP,Prop Virtual,Vlan1,STRING:,300,Enabled,,,,,Secondary,,,,
"""128880540845966627132""",10.206.44.4,ALP_PUTHENANGADI_SWITCH.federalbank.co.in,,Gi1/0/8,UP,Ethernet,GigabitEthernet1/0/8,STRING:,300,Enabled,,,,,Secondary,,,,
"""128880540845966627150""",10.206.44.4,ALP_PUTHENANGADI_SWITCH.federalbank.co.in,,Gi1/0/17,UP,Ethernet,GigabitEthernet1/0/17,STRING:,300,Enabled,,,,,Secondary,,,,
"""128880540845966627164""",10.206.44.4,ALP_PUTHENANGADI_SWITCH.federalbank.co.in,,Gi1/0/24,UP,Ethernet,GigabitEthernet1/0/24,\--- Trunk to SEC ---,300,Enabled,,,,,Secondary,,,,
"""131206422320378810955""",10.206.36.4,ALP_BUDHANOOR_Switch.federalbank.co.in,,Gi1/0/3,UP,Ethernet,GigabitEthernet1/0/3,STRING:,300,Enabled,,,,,Primary,,,,
"""131206422320378810963""",10.206.36.4,ALP_BUDHANOOR_Switch.federalbank.co.in,,Gi1/0/7,UP,Ethernet,GigabitEthernet1/0/7,STRING:,300,Enabled,,,,,Primary,,,,
"""131206422320378810995""",10.206.36.4,ALP_BUDHANOOR_Switch.federalbank.co.in,,Gi1/0/23,UP,Ethernet,GigabitEthernet1/0/23,STRING:,300,Enabled,,,,,Primary,,,,
"""110134296165160587352""",10.206.38.4,ALP_KAVALAM_switch.federalbank.co.in,,Gi1/0/2,UP,Ethernet,GigabitEthernet1/0/2,STRING:,300,Enabled,,,,,Secondary,,,,
"""110134296165160587386""",10.206.38.4,ALP_KAVALAM_switch.federalbank.co.in,,Gi1/0/19,DOWN,Ethernet,GigabitEthernet1/0/19,STRING:,300,Enabled,,,,,Secondary,,,,
"""126917532620803805282""",10.206.49.4,ALP_THURAVOOR_SWITCH.federalbank.co.in,,Gi1/0/2,UP,Ethernet,GigabitEthernet1/0/2,STRING:,300,Enabled,,,,,Secondary,,,,
"""126917532620803805294""",10.206.49.4,ALP_THURAVOOR_SWITCH.federalbank.co.in,,Gi1/0/8,DOWN,Ethernet,GigabitEthernet1/0/8,STRING:,300,Enabled,,,,,Secondary,,,,
"""126917532620803805324""",10.206.49.4,ALP_THURAVOOR_SWITCH.federalbank.co.in,,Gi1/0/23,UP,Ethernet,GigabitEthernet1/0/23,\--- BSNL 4 MBPS ---,300,Enabled,,,,,Primary,,,,
"""131256536626122199333""",10.206.50.4,ALP_PUNNAMOODU_Switch.federalbank.co.in,,Gi1/0/2,DOWN,Ethernet,GigabitEthernet1/0/2,STRING:,300,Enabled,,,,,Primary,,,,
"""131256536626122199341""",10.206.50.4,ALP_PUNNAMOODU_Switch.federalbank.co.in,,Gi1/0/6,UP,Ethernet,GigabitEthernet1/0/6,STRING:,300,Enabled,,,,,Primary,,,,
"""131256536626122199377""",10.206.50.4,ALP_PUNNAMOODU_Switch.federalbank.co.in,,Gi1/0/24,UP,Ethernet,GigabitEthernet1/0/24,STRING:,300,Enabled,,,,,Secondary,,,,
"""127438894380933451809""",10.207.0.54,PTA_KUMBAZHA.federalbank.co.in,10.207.54.1,BV1,UP,Ethernet,BVI1,\--- LAN ---,300,Enabled,TATA;Quadtri,,,,Secondary,,,,
"""129311183356340212020""",10.207.13.4,PTA_ERAVIPEROOR_SW.federalbank.co.in,10.207.13.4,Vl1,UP,Prop Virtual,Vlan1,STRING:,300,Enabled,,,,,Secondary,,,,
"""129311183356340212074""",10.207.13.4,PTA_ERAVIPEROOR_SW.federalbank.co.in,,Gi1/0/24,UP,Ethernet,GigabitEthernet1/0/24,STRING:,300,Enabled,,,,,Secondary,,,,
"""130935190562838417786""",10.207.254.12,PTA-ELANTHOOR-SEC.federalbank.co.in,10.207.12.3,BV1,UP,Ethernet,BVI1,\--- LAN ---,300,Enabled,Airtel,,,,Secondary,,,,
"""127438894380933451855""",10.207.15.4,PTA_KULANADA_SWITCH.federalbank.co.in,,Gi1/0/2,UP,Ethernet,GigabitEthernet1/0/2,STRING:,300,Enabled,,,,,Secondary,,,,
"""110134296165160587761""",10.207.20.4,PTA_CHANDANAPALLY_switch.federalbank.co.in,,Gi1/0/5,UP,Ethernet,GigabitEthernet1/0/5,STRING:,300,Enabled,,,,,Secondary,,,,
"""110134296165160587767""",10.207.20.4,PTA_CHANDANAPALLY_switch.federalbank.co.in,,Gi1/0/8,UP,Ethernet,GigabitEthernet1/0/8,STRING:,300,Enabled,,,,,Secondary,,,,
"""130921886477511037066""",10.207.16.4,PTA_KONNI_switch.federalbank.co.in,10.207.16.4,Vl1,UP,Prop Virtual,Vlan1,STRING:,300,Enabled,,,,,Secondary,,,,
"""130921886477511037080""",10.207.16.4,PTA_KONNI_switch.federalbank.co.in,,Gi1/0/4,UP,Ethernet,GigabitEthernet1/0/4,STRING:,300,Enabled,,,,,Secondary,,,,
"""128988074866648289328""",10.207.21.4,PTA_PANDALAM_switch.federalbank.co.in,,Gi1/0/5,UP,Ethernet,GigabitEthernet1/0/5,STRING:,300,Enabled,,,,,Secondary,,,,
"""128988074866648289338""",10.207.21.4,PTA_PANDALAM_switch.federalbank.co.in,,Gi1/0/10,UP,Ethernet,GigabitEthernet1/0/10,STRING:,300,Enabled,,,,,Secondary,,,,
"""128988074866648289356""",10.207.21.4,PTA_PANDALAM_switch.federalbank.co.in,,Gi1/0/19,UP,Ethernet,GigabitEthernet1/0/19,STRING:,300,Enabled,,,,,Secondary,,,,
"""130289238644408455442""",10.207.12.4,PTA_ELANTHOOR_switch.federalbank.co.in,10.207.12.4,Vl1,UP,Prop Virtual,Vlan1,STRING:,300,Enabled,,,,,Secondary,,,,
"""130289238644408455460""",10.207.12.4,PTA_ELANTHOOR_switch.federalbank.co.in,,Gi1/0/6,DOWN,Ethernet,GigabitEthernet1/0/6,STRING:,300,Enabled,,,,,Secondary,,,,
"""131206478176696930886""",10.207.254.38,PTA_KUZHIKALA_SEC.federalbank.co.in,10.207.38.3,BV1,UP,Ethernet,BVI1,\--- LAN ---,300,Enabled,Airtel,,,,Secondary,,,,
"""110134296165160587842""",10.207.254.31,PTA-VARIPURAM-SEC.federalbank.co.in,10.207.31.1;10.207.31.3,BV1,UP,Ethernet,BVI1,\--- LAN ---,300,Enabled,Railtel,,,,Secondary,,,,
"""127438894380933451928""",10.207.254.40,PTA_NEDUNGADAPALLY_SEC.federalbank.co.in,,Gi0/0,UP,Ethernet,GigabitEthernet0/0,\--- LAN ---,300,Enabled,,,,,Secondary,,,,
"""126917532621072241004""",10.207.254.46,PTA_THANNITHODE_SEC.federalbank.co.in,10.237.2.194,Gi0/1,UP,Ethernet,GigabitEthernet0/1,\---- VODAFONE 4 Mbps ---,300,Enabled,Vodafone,,,,Secondary,,,,
"""128880590078371434565""",10.207.254.36,PTA_KOODAL_SEC.federalbank.co.in,10.207.36.3,BV1,UP,Ethernet,BVI1,*** LAN ***,300,Enabled,Vodafone,,,,Secondary,,,,
"""130935190562838417914""",10.207.254.47,PTA_THONIPUZHA_SEC.federalbank.co.in,,Gi0/0,UP,Ethernet,GigabitEthernet0/0,*** LAN ***,300,Enabled,,,,,Secondary,,,,
"""131206835941298671650""",10.207.254.48,PTA_VALAKUZHY_SEC.federalbank.co.in,10.235.6.58,Gi0/1,UP,Ethernet,GigabitEthernet0/1,\--- SIFY 4 Mbps ---,300,Enabled,Sify,,,,Secondary,,,,
"""128988074866648289498""",10.207.254.56,PTA-THOTTABHAGOM-SEC.federalbank.co.in,10.207.56.3,BV1,UP,Ethernet,BVI1,\--- LAN ---,300,Enabled,Airtel,,,,Secondary,,,,
"""131256919212413686026""",10.207.254.71,PTA-THELLIYOOR-SEC.federalbank.co.in,,Gi0/0,UP,Ethernet,GigabitEthernet0/0,\--- LAN ---,300,Enabled,,,,,Secondary,,,,
"""128988074866648289532""",10.207.27.4,PTA_ATHIKAYAM_switch.federalbank.co.in,10.207.27.4,Vl1,UP,Prop Virtual,Vlan1,STRING:,300,Enabled,,,,,Secondary,,,,
"""128988074866648289552""",10.207.27.4,PTA_ATHIKAYAM_switch.federalbank.co.in,,Gi1/0/7,UP,Ethernet,GigabitEthernet1/0/7,STRING:,300,Enabled,,,,,Secondary,,,,
"""128988074866648289564""",10.207.27.4,PTA_ATHIKAYAM_switch.federalbank.co.in,,Gi1/0/13,UP,Ethernet,GigabitEthernet1/0/13,STRING:,300,Enabled,,,,,Secondary,,,,
"""130289238644408455584""",10.207.26.4,PTA_ARATTUPUZHA_SW.federalbank.co.in,,Gi1/0/2,UP,Ethernet,GigabitEthernet1/0/2,STRING:,300,Enabled,,,,,Secondary,,,,
"""130289238644408455596""",10.207.26.4,PTA_ARATTUPUZHA_SW.federalbank.co.in,,Gi1/0/8,UP,Ethernet,GigabitEthernet1/0/8,STRING:,300,Enabled,,,,,Secondary,,,,
"""131206835941298671709""",10.207.28.4,PTA_AZHIYIDATHUCHIRA_SW.federalbank.co.in,,Gi1/0/6,UP,Ethernet,GigabitEthernet1/0/6,STRING:,300,Enabled,,,,,Secondary,,,,
"""131206835941298671725""",10.207.28.4,PTA_AZHIYIDATHUCHIRA_SW.federalbank.co.in,,Gi1/0/14,UP,Ethernet,GigabitEthernet1/0/14,STRING:,300,Enabled,,,,,Secondary,,,,
"""130935190562838417957""",10.207.33.4,PTA_KADAMINETTA_SW.federalbank.co.in,10.207.33.4,Vl1,UP,Prop Virtual,Vlan1,STRING:,300,Enabled,,,,,Secondary,,,,
"""130759717445409182214""",10.208.23.4,MB_BARODA_SW.federalbank.co.in,,Gi1/0/22,UP,Ethernet,GigabitEthernet1/0/22,\---UPLINK TO SW2(.240)---,300,Enabled,,,,,Primary,,,,
"""130759717445409182250""",10.208.254.32,MB-AHMADABAD-SEC.federalbank.co.in,,Gi0/0,UP,Ethernet,GigabitEthernet0/0,\--- LAN ---,300,Enabled,,,,,Primary,,,,
"""129311323813313515618""",10.208.28.4,MB_PANAJI_SW.federalbank.co.in,,Gi1/0/22,UP,Ethernet,GigabitEthernet1/0/22,STRING:,300,Enabled,,,,,Primary,,,,
"""130289677881318576530""",10.208.32.240,MB_AHMEDABAD_SW01.federalbank.co.in,,Gi1/0/1,DOWN,Ethernet,GigabitEthernet1/0/1,STRING:,300,Enabled,,,,,Primary,,,,
"""123352471391486087749""",10.208.36.4,MB_RAIPUR_SW.federalbank.co.in,,Gi1/0/12,DOWN,Ethernet,GigabitEthernet1/0/12,STRING:,300,Enabled,,,,,Secondary,,,,
"""123352471391486087761""",10.208.36.4,MB_RAIPUR_SW.federalbank.co.in,,Gi1/0/18,DOWN,Ethernet,GigabitEthernet1/0/18,STRING:,300,Enabled,,,,,Secondary,,,,
"""127438894381201887379""",10.208.50.4,MB_SINHAGAD_SW.federalbank.co.in,,Gi1/0/10,UP,Ethernet,GigabitEthernet1/0/10,STRING:,300,Enabled,,,,,Primary,,,,
"""130289677881587011622""",10.208.42.4,MB_BHAVANAGAR_SW.federalbank.co.in,,Gi1/0/14,UP,Ethernet,GigabitEthernet1/0/14,STRING:,300,Enabled,,,,,Primary,,,,
"""130759980120508731407""",10.208.54.4,MB_PONDA_SW.federalbank.co.in,,Gi1/0/1,UP,Ethernet,GigabitEthernet1/0/1,STRING:,300,Enabled,,,,,Primary,,,,
"""123352471391486088029""",10.208.55.4,MB_CHINCHVAD_SWITCH.federalbank.co.in,,Gi1/0/24,UP,Ethernet,GigabitEthernet1/0/24,\--- SDWAN PRI --,300,Enabled,,,,,Primary,,,,
"""131256984513901761280""",10.208.49.4,MB_KOTHRUD_SW.federalbank.co.in,,Gi1/0/5,UP,Ethernet,GigabitEthernet1/0/5,STRING:,300,Enabled,,,,,Primary,,,,
"""131256984513901761292""",10.208.49.4,MB_KOTHRUD_SW.federalbank.co.in,,Gi1/0/11,UP,Ethernet,GigabitEthernet1/0/11,STRING:,300,Enabled,,,,,Secondary,,,,
"""131256984513901761300""",10.208.49.4,MB_KOTHRUD_SW.federalbank.co.in,,Gi1/0/15,UP,Ethernet,GigabitEthernet1/0/15,STRING:,300,Enabled,,,,,Primary,,,,
"""131256984513901761314""",10.208.49.4,MB_KOTHRUD_SW.federalbank.co.in,,Gi1/0/22,UP,Ethernet,GigabitEthernet1/0/22,\--- BSNL 4 Mbps ---,300,Enabled,,,,,Primary,,,,
"""130289707275001008130""",10.208.57.4,MB_AHEMADNAGAR_SW.federalbank.co.in,,Gi1/0/3,UP,Ethernet,GigabitEthernet1/0/3,\--- BSNL 4 Mbps ---,300,Enabled,,,,,Primary,,,,
"""130289707275001008134""",10.208.57.4,MB_AHEMADNAGAR_SW.federalbank.co.in,,Gi1/0/5,UP,Ethernet,GigabitEthernet1/0/5,STRING:,300,Enabled,,,,,Secondary,,,,
"""130289707275001008140""",10.208.57.4,MB_AHEMADNAGAR_SW.federalbank.co.in,,Gi1/0/8,UP,Ethernet,GigabitEthernet1/0/8,STRING:,300,Enabled,,,,,Secondary,,,,
"""130289707275001008158""",10.208.57.4,MB_AHEMADNAGAR_SW.federalbank.co.in,,Gi1/0/17,UP,Ethernet,GigabitEthernet1/0/17,STRING:,300,Enabled,,,,,Primary,,,,
"""130935627942980489524""",10.208.58.4,MB_ULLASNAGAR_SW.federalbank.co.in,,Gi1/0/4,UP,Ethernet,GigabitEthernet1/0/4,STRING:,300,Enabled,,,,,Secondary,,,,
"""130935627942980489540""",10.208.58.4,MB_ULLASNAGAR_SW.federalbank.co.in,,Gi1/0/12,UP,Ethernet,GigabitEthernet1/0/12,STRING:,300,Enabled,,,,,Secondary,,,,
"""128988128802847592527""",10.208.64.4,MB-AHAMDABAD-CREDIT-HUB-SW,,01-01-2006,DOWN,Ethernet,01-01-2006,STRING:,300,Enabled,,,,,Secondary,,,,
"""128988128802847592539""",10.208.64.4,MB-AHAMDABAD-CREDIT-HUB-SW,,01-01-2012,DOWN,Ethernet,01-01-2012,STRING:,300,Enabled,,,,,Primary,,,,
"""128988128802847592549""",10.208.64.4,MB-AHAMDABAD-CREDIT-HUB-SW,,01-01-2017,DOWN,Ethernet,01-01-2017,STRING:,300,Enabled,,,,,Secondary,,,,
"""128988128802847592561""",10.208.64.4,MB-AHAMDABAD-CREDIT-HUB-SW,,01-01-2023,DOWN,Ethernet,01-01-2023,STRING:,300,Enabled,,,,,Primary,,,,
"""128988195950366298113""",10.208.64.4,MB-AHAMDABAD-CREDIT-HUB-SW,,01-01-2028,DOWN,Ethernet,01-01-2028,STRING:,300,Enabled,,,,,Primary,,,,
"""128988195950366298117""",10.208.64.4,MB-AHAMDABAD-CREDIT-HUB-SW,,01-01-1930,DOWN,Ethernet,01-01-1930,STRING:,300,Enabled,,,,,Primary,,,,
"""128988195950366298151""",10.208.64.4,MB-AHAMDABAD-CREDIT-HUB-SW,,01-01-1947,UP,Ethernet,01-01-1947,Trunk Port to SEC,300,Enabled,,,,,Primary,,,,
"""128988195950366298185""",10.208.44.4,MB_MULUND_SW.federalbank.co.in,,Gi1/0/4,UP,Ethernet,GigabitEthernet1/0/4,STRING:,300,Enabled,,,,,Primary,,,,
"""128988195950366298193""",10.208.44.4,MB_MULUND_SW.federalbank.co.in,,Gi1/0/8,UP,Ethernet,GigabitEthernet1/0/8,STRING:,300,Enabled,,,,,Primary,,,,
"""128988195950366298205""",10.208.44.4,MB_MULUND_SW.federalbank.co.in,,Gi1/0/14,UP,Ethernet,GigabitEthernet1/0/14,STRING:,300,Enabled,,,,,Primary,,,,
"""128988195950634733569""",10.208.44.4,MB_MULUND_SW.federalbank.co.in,,Gi1/0/24,UP,Ethernet,GigabitEthernet1/0/24,**RTR Trunk**,300,Enabled,,,,,Primary,,,,
"""130289707275001008224""",10.208.62.4,MB_KANDIVILLI_SW.federalbank.co.in,,Gi1/0/7,UP,Ethernet,GigabitEthernet1/0/7,STRING:,300,Enabled,,,,,Primary,,,,
"""130289707275001008238""",10.208.62.4,MB_KANDIVILLI_SW.federalbank.co.in,,Gi1/0/14,UP,Ethernet,GigabitEthernet1/0/14,STRING:,300,Enabled,,,,,Primary,,,,
"""130289707275001008254""",10.208.62.4,MB_KANDIVILLI_SW.federalbank.co.in,,Gi1/0/22,UP,Ethernet,GigabitEthernet1/0/22,\-----TATA 4 Mbps---,300,Enabled,,,,,Secondary,,,,
"""128988195950634733613""",10.208.65.4,MB_ANAND_SW.federalbank.co.in,,Gi1/0/3,UP,Ethernet,GigabitEthernet1/0/3,STRING:,300,Enabled,,,,,Primary,,,,
"""128988195950634733623""",10.208.65.4,MB_ANAND_SW.federalbank.co.in,,Gi1/0/8,DOWN,Ethernet,GigabitEthernet1/0/8,STRING:,300,Enabled,,,,,Primary,,,,
"""128880987342713655866""",10.208.71.4,MB_KHARGAR_SW.federalbank.co.in,10.208.71.4,Vl1,UP,Prop Virtual,Vlan1,STRING:,300,Enabled,,,,,Primary,,,,
"""128880987342713655880""",10.208.71.4,MB_KHARGAR_SW.federalbank.co.in,,Gi1/0/4,UP,Ethernet,GigabitEthernet1/0/4,STRING:,300,Enabled,,,,,Primary,,,,
"""130289707275269443633""",10.208.68.4,MB_AUNDH_SW.federalbank.co.in,,Gi1/0/5,UP,Ethernet,GigabitEthernet1/0/5,STRING:,300,Enabled,,,,,Primary,,,,
"""130935627942980489595""",10.208.70.4,MB_KALINA_SW.federalbank.co.in,10.208.70.4,Vl1,UP,Prop Virtual,Vlan1,STRING:,300,Enabled,,,,,Primary,,,,
"""130935627942980489607""",10.208.70.4,MB_KALINA_SW.federalbank.co.in,,Gi1/0/3,UP,Ethernet,GigabitEthernet1/0/3,STRING:,300,Enabled,,,,,Primary,,,,
"""130935627942980489615""",10.208.70.4,MB_KALINA_SW.federalbank.co.in,,Gi1/0/7,UP,Ethernet,GigabitEthernet1/0/7,STRING:,300,Enabled,,,,,Primary,,,,
"""130935627942980489629""",10.208.70.4,MB_KALINA_SW.federalbank.co.in,,Gi1/0/14,UP,Ethernet,GigabitEthernet1/0/14,STRING:,300,Enabled,,,,,Primary,,,,
"""131206900977840951594""",10.208.82.245,MB-THANE-LUISWADI-SW3,,01-01-2009,UP,Ethernet,01-01-2009,STRING:,300,Enabled,,,,,Primary,,,,
"""131206900977840951624""",10.208.82.245,MB-THANE-LUISWADI-SW3,,01-01-2024,UP,Ethernet,01-01-2024,\--- UpLInk To 82.4 ---,300,Enabled,,,,,Primary,,,,
"""130759980120508731496""",10.208.72.4,MB_BADLAPUR_SW.federalbank.co.in,,Gi1/0/3,UP,Ethernet,GigabitEthernet1/0/3,STRING:,300,Enabled,,,,,Primary,,,,
"""131348000950698643844""",10.208.69.4,MB_BILASPUR_SW01.federalbank.co.in,,Gi1/0/9,DOWN,Ethernet,GigabitEthernet1/0/9,STRING:,300,Enabled,,,,,Primary,,,,
"""123352528756948340760""",10.208.79.4,MB_VADODARA-WAGHODIA_SW.federalbank.co.in,,Gi1/0/2,UP,Ethernet,GigabitEthernet1/0/2,\--- Uplink to Router ----,300,Enabled,,,,,Primary,,,,
"""123352528756948340772""",10.208.79.4,MB_VADODARA-WAGHODIA_SW.federalbank.co.in,,Gi1/0/8,DOWN,Ethernet,GigabitEthernet1/0/8,STRING:,300,Enabled,,,,,Primary,,,,
"""123352528756948340796""",10.208.79.4,MB_VADODARA-WAGHODIA_SW.federalbank.co.in,,Gi1/0/20,UP,Ethernet,GigabitEthernet1/0/20,\---Vodafone 4MBPS---,300,Enabled,,,,,Primary,,,,
"""126917973213312979640""",10.208.66.4,MB_VAPI_SW-2.federalbank.co.in,,Gi1/0/5,DOWN,Ethernet,GigabitEthernet1/0/5,STRING:,300,Enabled,,,,,Primary,,,,
"""126917973213312979654""",10.208.66.4,MB_VAPI_SW-2.federalbank.co.in,,Gi1/0/12,UP,Ethernet,GigabitEthernet1/0/12,STRING:,300,Enabled,,,,,Primary,,,,
"""126917973213312979662""",10.208.66.4,MB_VAPI_SW-2.federalbank.co.in,,Gi1/0/16,DOWN,Ethernet,GigabitEthernet1/0/16,STRING:,300,Enabled,,,,,Primary,,,,
"""130935627942980489695""",10.208.80.4,MB_VADODARA_SW.federalbank.co.in,,Gi1/0/4,DOWN,Ethernet,GigabitEthernet1/0/4,STRING:,300,Enabled,,,,,Primary,,,,
"""130935627942980489699""",10.208.80.4,MB_VADODARA_SW.federalbank.co.in,,Gi1/0/6,UP,Ethernet,GigabitEthernet1/0/6,STRING:,300,Enabled,,,,,Secondary,,,,
"""110134769592694739273""",10.208.75.4,MB_PUNE-PHURUSUNKI_SW.federalbank.co.in,10.208.75.4,Vl1,DOWN,Prop Virtual,Vlan1,STRING:,300,Enabled,,,,,Primary,,,,
"""110134769592694739297""",10.208.75.4,MB_PUNE-PHURUSUNKI_SW.federalbank.co.in,,Gi1/0/9,UP,Ethernet,GigabitEthernet1/0/9,STRING:,300,Enabled,,,,,Primary,,,,
"""110134769592694739319""",10.208.75.4,MB_PUNE-PHURUSUNKI_SW.federalbank.co.in,,Gi1/0/20,UP,Ethernet,GigabitEthernet1/0/20,STRING:,300,Enabled,,,,,Primary,,,,
"""129311323813313515751""",10.208.76.4,MB_SHIVANE_SW.federalbank.co.in,,Gi1/0/3,UP,Ethernet,GigabitEthernet1/0/3,STRING:,300,Enabled,,,,,Primary,,,,
"""129311323813313515793""",10.208.76.4,MB_SHIVANE_SW.federalbank.co.in,,Gi1/0/24,UP,Ethernet,GigabitEthernet1/0/24,STRING:,300,Enabled,,,,,Primary,,,,
"""131206900977840951650""",10.208.81.4,MB_NANDALEV_SW.federalbank.co.in,,Gi1/0/2,UP,Ethernet,GigabitEthernet1/0/2,STRING:,300,Enabled,,,,,Secondary,,,,
"""131206900977840951658""",10.208.81.4,MB_NANDALEV_SW.federalbank.co.in,,Gi1/0/6,UP,Ethernet,GigabitEthernet1/0/6,STRING:,300,Enabled,,,,,Secondary,,,,
"""131348000950698643906""",10.208.78.4,MB_AHMD-CHANDKEDA_SW.federalbank.co.in,10.208.78.4,Vl1,UP,Prop Virtual,Vlan1,STRING:,300,Enabled,,,,,Secondary,,,,
"""131348000950698643918""",10.208.78.4,MB_AHMD-CHANDKEDA_SW.federalbank.co.in,,Gi1/0/3,UP,Ethernet,GigabitEthernet1/0/3,STRING:,300,Enabled,,,,,Primary,,,,
"""131348000950698643928""",10.208.78.4,MB_AHMD-CHANDKEDA_SW.federalbank.co.in,,Gi1/0/8,UP,Ethernet,GigabitEthernet1/0/8,STRING:,300,Enabled,,,,,Secondary,,,,
"""131348124133581918208""",10.208.78.4,MB_AHMD-CHANDKEDA_SW.federalbank.co.in,,Gi1/0/21,UP,Ethernet,GigabitEthernet1/0/21,STRING:,300,Enabled,,,,,Secondary,,,,
"""127438894381201887446""",10.208.77.4,MB_PUNE_SW.federalbank.co.in,,Gi1/0/1,UP,Ethernet,GigabitEthernet1/0/1,STRING:,300,Enabled,,,,,Primary,,,,
"""127438894381201887478""",10.208.77.4,MB_PUNE_SW.federalbank.co.in,,Gi1/0/17,UP,Ethernet,GigabitEthernet1/0/17,STRING:,300,Enabled,,,,,Secondary,,,,
"""126917973213312979718""",10.208.82.240,MB_THANE-LUISWADI_SW2.federalbank.co.in,,Gi1/0/1,UP,Ethernet,GigabitEthernet1/0/1,STRING:,300,Enabled,,,,,Secondary,,,,
"""126917973213312979726""",10.208.82.240,MB_THANE-LUISWADI_SW2.federalbank.co.in,,Gi1/0/5,UP,Ethernet,GigabitEthernet1/0/5,STRING:,300,Enabled,,,,,Secondary,,,,
"""130759980120508731580""",10.208.84.4,MB_SURAT-ADAJAN_SW.federalbank.co.in,,Gi1/0/1,DOWN,Ethernet,GigabitEthernet1/0/1,STRING:,300,Enabled,,,,,Secondary,,,,
"""130759980120508731594""",10.208.84.4,MB_SURAT-ADAJAN_SW.federalbank.co.in,,Gi1/0/8,UP,Ethernet,GigabitEthernet1/0/8,STRING:,300,Enabled,,,,,Primary,,,,
"""130759980120508731606""",10.208.84.4,MB_SURAT-ADAJAN_SW.federalbank.co.in,,Gi1/0/14,UP,Ethernet,GigabitEthernet1/0/14,STRING:,300,Enabled,,,,,Secondary,,,,
"""130759980120508731618""",10.208.84.4,MB_SURAT-ADAJAN_SW.federalbank.co.in,,Gi1/0/20,UP,Ethernet,GigabitEthernet1/0/20,STRING:,300,Enabled,,,,,Primary,,,,
"""130935665221954441222""",10.208.60.4,MB-PUNE-RTL-HUB-ARUBA-SW,,01-01-2001,UP,Ethernet,01-01-2001,STRING:,300,Enabled,,,,,Secondary,,,,
"""130935665221954441242""",10.208.60.4,MB-PUNE-RTL-HUB-ARUBA-SW,,01-01-2011,UP,Ethernet,01-01-2011,STRING:,300,Enabled,,,,,Secondary,,,,
"""128988195950634733707""",10.208.86.4,MB_SANAND_SW.federalbank.co.in,,Gi1/0/7,DOWN,Ethernet,GigabitEthernet1/0/7,STRING:,300,Enabled,,,,,Secondary,,,,
"""128988195950634733725""",10.208.86.4,MB_SANAND_SW.federalbank.co.in,,Gi1/0/16,UP,Ethernet,GigabitEthernet1/0/16,\---BSNL 4 Mbps---,300,Enabled,,,,,Secondary,,,,
"""131206900977840951814""",10.209.0.10,DLH_GKII_PRI.federalbank.co.in,10.239.4.201,Gi0/1,UP,Ethernet,GigabitEthernet0/1,\--Airtel 10 Mbps---,300,Enabled,Airtel,,,,Primary,,,,
"""128880987342713656015""",10.208.90.4,MB_ANDHERI_SW.federalbank.co.in,,Gi1/0/21,DOWN,Ethernet,GigabitEthernet1/0/21,STRING:,300,Enabled,,,,,Primary,,,,
"""128880987342713656017""",10.208.90.4,MB_ANDHERI_SW.federalbank.co.in,,Gi1/0/22,UP,Ethernet,GigabitEthernet1/0/22,STRING:,300,Enabled,,,,,Secondary,,,,
"""128880987342713656021""",10.208.90.4,MB_ANDHERI_SW.federalbank.co.in,,Gi1/0/24,UP,Ethernet,GigabitEthernet1/0/24,\--- TATA 4 Mbps ---,300,Enabled,,,,,Secondary,,,,
"""130759980120508731658""",10.208.87.4,MB_PALSANA_SW.federalbank.co.in,10.208.87.4,Vl1,UP,Prop Virtual,Vlan1,STRING:,300,Enabled,,,,,Secondary,,,,
"""131257040529133670462""",10.208.92.4,MB_BHUPENDRA_SW.federalbank.co.in,,Gi1/0/23,UP,Ethernet,GigabitEthernet1/0/23,,300,Enabled,,,,,Secondary,,,,
"""130935665221954441344""",10.209.0.156,DLH_AGRA_EXT_SINGLE.federalbank.co.in,10.235.6.74,Gi0/0.953,UP,L2 VLAN,GigabitEthernet0/0.953,\--- SIFY 2 Mbps ---,300,Enabled,Sify,,,,Primary,,,,
"""126917973213312979798""",10.209.0.148,DLH_GURUKUL_NILGHORI_EXT.federalbank.co.in,10.237.3.202,Gi0/5,UP,Ethernet,GigabitEthernet0/5,\--- VODAFONE 2 Mbps ---,300,Enabled,Vodafone,,,,Primary,,,,
"""128988195950634733773""",10.209.0.158,DLH_NEWDELHI_CREDITHUB_SINGLE.federalbank.co.in,,Gi0/0,UP,Ethernet,GigabitEthernet0/0,\--- LAN ---,300,Enabled,,,,,Secondary,,,,
"""129311323813313515908""",10.208.88.4,MB_CHIPLUN_SW.federalbank.co.in,10.208.88.4,Vl1,UP,Prop Virtual,Vlan1,STRING:,300,Enabled,,,,,Primary,,,,
"""129311323813313515928""",10.208.88.4,MB_CHIPLUN_SW.federalbank.co.in,,Gi1/0/7,UP,Ethernet,GigabitEthernet1/0/7,STRING:,300,Enabled,,,,,Secondary,,,,
"""129311323813313515960""",10.208.88.4,MB_CHIPLUN_SW.federalbank.co.in,,Gi1/0/23,UP,Ethernet,GigabitEthernet1/0/23,STRING:,300,Enabled,,,,,Secondary,,,,
"""130289777066877390959""",10.209.34.4,DLH_NIRMAN-VIHAR_SW.federalbank.co.in,,Gi1/0/6,UP,Ethernet,GigabitEthernet1/0/6,STRING:,300,Enabled,,,,,Secondary,,,,
"""130289777066877390973""",10.209.34.4,DLH_NIRMAN-VIHAR_SW.federalbank.co.in,,Gi1/0/13,UP,Ethernet,GigabitEthernet1/0/13,STRING:,300,Enabled,,,,,Secondary,,,,
"""130289777066877391373""",10.209.44.4,DLH_RAJOURIGARDENS_SW.federalbank.co.in,,Gi1/0/22,UP,Ethernet,GigabitEthernet1/0/22,\--- To Pri ---,300,Enabled,,,,,Secondary,,,,
"""130289777067145826421""",10.209.38.4,DLH_AMRITSAR_SW.federalbank.co.in,,Gi1/0/6,UP,Ethernet,GigabitEthernet1/0/6,STRING:,300,Enabled,,,,,Secondary,,,,
"""129311859629274173693""",10.209.67.4,DLH_KIRTINAGAR_SW.federalbank.co.in,,Gi1/0/12,UP,Ethernet,GigabitEthernet1/0/12,STRING:,300,Enabled,,,,,Secondary,,,,
"""129311859629274173709""",10.209.67.4,DLH_KIRTINAGAR_SW.federalbank.co.in,,Gi1/0/20,UP,Ethernet,GigabitEthernet1/0/20,STRING:,300,Enabled,,,,,Secondary,,,,
"""129311859629274173763""",10.209.68.4,DLH_MANDI-GOBINDGARH_SW.federalbank.co.in,,Gi1/0/4,DOWN,Ethernet,GigabitEthernet1/0/4,STRING:,300,Enabled,,,,,Secondary,,,,
"""129311859629274173769""",10.209.68.4,DLH_MANDI-GOBINDGARH_SW.federalbank.co.in,,Gi1/0/7,DOWN,Ethernet,GigabitEthernet1/0/7,STRING:,300,Enabled,,,,,Secondary,,,,
"""129311859629274173854""",10.209.76.4,DLH_FEROZPUR-LUDHIYANA_SW.federalbank.co.in,,Gi1/0/8,UP,Ethernet,GigabitEthernet1/0/8,STRING:,300,Enabled,,,,,Secondary,,,,
"""127439628499292262449""",10.209.73.4,DLH_LUDHINA_URBAN_SW.federalbank.co.in,,Gi1/0/10,UP,Ethernet,GigabitEthernet1/0/10,STRING:,300,Enabled,,,,,Secondary,,,,
"""131348124133850353886""",10.209.83.4,DLH_KHARAR_SW.federalbank.co.in,,Gi1/0/14,UP,Ethernet,GigabitEthernet1/0/14,STRING:,300,Enabled,,,,,Secondary,,,,
"""131348124133850353904""",10.209.83.4,DLH_KHARAR_SW.federalbank.co.in,,Gi1/0/23,UP,Ethernet,GigabitEthernet1/0/23,STRING:,300,Enabled,,,,,Secondary,,,,
"""129311859629274173917""",10.209.88.4,DLH_HAUZKAS_SW.federalbank.co.in,10.209.88.4,Vl1,UP,Prop Virtual,Vlan1,STRING:,300,Enabled,,,,,Primary,,,,
"""129311859629274173937""",10.209.88.4,DLH_HAUZKAS_SW.federalbank.co.in,,Gi1/0/7,UP,Ethernet,GigabitEthernet1/0/7,STRING:,300,Enabled,,,,,Secondary,,,,
"""131207458138178457611""",10.209.87.4,VIKAS_NAGAR_SWITCH.federalbank.co.in,,Gi1/0/8,DOWN,Ethernet,GigabitEthernet1/0/8,STRING:,300,Enabled,,,,,Secondary,,,,
"""131207458138178457631""",10.209.87.4,VIKAS_NAGAR_SWITCH.federalbank.co.in,,Gi1/0/18,DOWN,Ethernet,GigabitEthernet1/0/18,STRING:,300,Enabled,,,,,Secondary,,,,
"""131207458138178457657""",10.209.87.4,VIKAS_NAGAR_SWITCH.federalbank.co.in,10.209.87.4,Vl1,UP,Prop Virtual,Vlan1,STRING:,300,Enabled,,,,,Secondary,,,,
"""126918641353994801178""",10.209.92.4,DLH_KAPURTHALA_SW.federalbank.co.in,,Gi1/0/6,DOWN,Ethernet,GigabitEthernet1/0/6,STRING:,300,Enabled,,,,,Secondary,,,,
"""126918641353994801188""",10.209.92.4,DLH_KAPURTHALA_SW.federalbank.co.in,,Gi1/0/11,DOWN,Ethernet,GigabitEthernet1/0/11,STRING:,300,Enabled,,,,,Secondary,,,,
"""130935698298302894607""",10.209.82.4,DLH_KALKA_SW.federalbank.co.in,10.209.82.4,Vl1,UP,Prop Virtual,Vlan1,STRING:,300,Enabled,,,,,Secondary,,,,
"""130935698298302894645""",10.209.82.4,DLH_KALKA_SW.federalbank.co.in,,Gi1/0/16,DOWN,Ethernet,GigabitEthernet1/0/16,STRING:,300,Enabled,,,,,Secondary,,,,
"""130935698298302894659""",10.209.82.4,DLH_KALKA_SW.federalbank.co.in,,Gi1/0/23,UP,Ethernet,GigabitEthernet1/0/23,\---TRUNK TO PRIMARY---,300,Enabled,,,,,Secondary,,,,
"""130290322872931979360""",10.209.95.4,DLH_BERNALA_SW.federalbank.co.in,,Gi1/0/3,DOWN,Ethernet,GigabitEthernet1/0/3,STRING:,300,Enabled,,,,,Secondary,,,,
"""130290322872931979378""",10.209.95.4,DLH_BERNALA_SW.federalbank.co.in,,Gi1/0/12,UP,Ethernet,GigabitEthernet1/0/12,STRING:,300,Enabled,,,,,Secondary,,,,
"""130290322872931979400""",10.209.95.4,DLH_BERNALA_SW.federalbank.co.in,,Gi1/0/23,DOWN,Ethernet,GigabitEthernet1/0/23,STRING:,300,Enabled,,,,,Secondary,,,,
"""129311960900576481291""",10.209.94.4,DLH_FEROZPUR_SW.federalbank.co.in,,Gi1/0/1,UP,Ethernet,GigabitEthernet1/0/1,STRING:,300,Enabled,,,,,Secondary,,,,
"""129311960900576481303""",10.209.94.4,DLH_FEROZPUR_SW.federalbank.co.in,,Gi1/0/7,DOWN,Ethernet,GigabitEthernet1/0/7,STRING:,300,Enabled,,,,,Secondary,,,,
"""129311960900576481321""",10.209.94.4,DLH_FEROZPUR_SW.federalbank.co.in,,Gi1/0/16,DOWN,Ethernet,GigabitEthernet1/0/16,STRING:,300,Enabled,,,,,Secondary,,,,
"""130935698298302894694""",10.209.91.4,DLH_NAWANSHEHAR_SW.federalbank.co.in,,Vl982,UP,Prop Virtual,Vlan982,STRING:,300,Enabled,,,,,Secondary,,,,
"""130935698298302894710""",10.209.91.4,DLH_NAWANSHEHAR_SW.federalbank.co.in,,Gi1/0/4,DOWN,Ethernet,GigabitEthernet1/0/4,STRING:,300,Enabled,,,,,Secondary,,,,
"""131207458138178457703""",10.210.100.4,BGR_DOMMASANDRA_SWITCH.federalbank.co.in,,Gi1/0/3,UP,Ethernet,GigabitEthernet1/0/3,STRING:,300,Enabled,,,,,Secondary,,,,
"""131207458138178457735""",10.210.100.4,BGR_DOMMASANDRA_SWITCH.federalbank.co.in,,Gi1/0/19,UP,Ethernet,GigabitEthernet1/0/19,STRING:,300,Enabled,,,,,Secondary,,,,
"""131257562869097566442""",10.210.10.241,BGR_FIB_SW3.federalbank.co.in,,Gi1/0/3,UP,Ethernet,GigabitEthernet1/0/3,STRING:,300,Enabled,,,,,Secondary,,,,
"""131257562869097566456""",10.210.10.241,BGR_FIB_SW3.federalbank.co.in,,Gi1/0/10,UP,Ethernet,GigabitEthernet1/0/10,STRING:,300,Enabled,,,,,Secondary,,,,
"""131257562869097566470""",10.210.10.241,BGR_FIB_SW3.federalbank.co.in,,Gi1/0/17,UP,Ethernet,GigabitEthernet1/0/17,**TRUNK**,300,Enabled,,,,,Secondary,,,,
"""128988802462562390385""",10.210.10.240,BGR_FIB_SW2.federalbank.co.in,,Gi1/0/2,UP,Ethernet,GigabitEthernet1/0/2,STRING:,300,Enabled,,,,,Secondary,,,,
"""128988802462562390397""",10.210.10.240,BGR_FIB_SW2.federalbank.co.in,,Gi1/0/8,DOWN,Ethernet,GigabitEthernet1/0/8,STRING:,300,Enabled,,,,,Secondary,,,,
"""128988802462562390409""",10.210.10.240,BGR_FIB_SW2.federalbank.co.in,,Gi1/0/14,UP,Ethernet,GigabitEthernet1/0/14,STRING:,300,Enabled,,,,,Secondary,,,,
"""128988802462562390417""",10.210.10.240,BGR_FIB_SW2.federalbank.co.in,,Gi1/0/18,UP,Ethernet,GigabitEthernet1/0/18,STRING:,300,Enabled,,,,,Secondary,,,,
"""128988802462562390425""",10.210.10.240,BGR_FIB_SW2.federalbank.co.in,,Gi1/0/22,UP,Ethernet,GigabitEthernet1/0/22,STRING:,300,Enabled,,,,,Secondary,,,,
"""130760037047884321217""",10.209.96.4,DLH_NAKODAR_SW.federalbank.co.in,,Gi1/0/6,UP,Ethernet,GigabitEthernet1/0/6,\--- BSNL 4 Mbps ---,300,Enabled,,,,,Secondary,,,,
"""130760037047884321241""",10.209.96.4,DLH_NAKODAR_SW.federalbank.co.in,,Gi1/0/18,DOWN,Ethernet,GigabitEthernet1/0/18,STRING:,300,Enabled,,,,,Secondary,,,,
"""131348124133850353982""",10.210.11.247,BGR-ZONAL-OFFICE-SW08,,01-01-2023,UP,Ethernet,01-01-2023,STRING:,300,Enabled,,,,,Secondary,,,,
"""123353136616690421975""",10.210.102.4,BGR_JANGAMAKOTE_CROSS_SW.federalbank.co.in,,Gi1/0/6,UP,Ethernet,GigabitEthernet1/0/6,STRING:,300,Enabled,,,,,Secondary,,,,
"""123353136616690421987""",10.210.102.4,BGR_JANGAMAKOTE_CROSS_SW.federalbank.co.in,,Gi1/0/12,UP,Ethernet,GigabitEthernet1/0/12,STRING:,300,Enabled,,,,,Secondary,,,,
"""130290381448232833269""",10.211.31.4,CLT_TINSUKIA_SW.federalbank.co.in,,Gi1/0/16,DOWN,Ethernet,GigabitEthernet1/0/16,STRING:,300,Enabled,,,,,Primary,,,,
"""130760630862814908995""",10.211.39.4,CLT_GARIA_SW.federalbank.co.in,10.211.39.4,Vl1,UP,Prop Virtual,Vlan1,STRING:,300,Enabled,,,,,Primary,,,,
"""130760630862814909017""",10.211.39.4,CLT_GARIA_SW.federalbank.co.in,,Gi1/0/8,UP,Ethernet,GigabitEthernet1/0/8,STRING:,300,Enabled,,,,,Primary,,,,
"""131260520527995867296""",10.211.51.4,CLT_ULTANANGA_SW.federalbank.co.in,10.211.51.4,Vl1,UP,Prop Virtual,Vlan1,STRING:,300,Enabled,,,,,Primary,,,,
"""131260520527995867318""",10.211.51.4,CLT_ULTANANGA_SW.federalbank.co.in,,Gi1/0/8,DOWN,Ethernet,GigabitEthernet1/0/8,STRING:,300,Enabled,,,,,Primary,,,,
"""131260520527995867330""",10.211.51.4,CLT_ULTANANGA_SW.federalbank.co.in,,Gi1/0/14,UP,Ethernet,GigabitEthernet1/0/14,STRING:,300,Enabled,,,,,Primary,,,,
"""128988858003468849441""",10.211.46.4,CLT_SORO_SW.federalbank.co.in,,Gi1/0/8,DOWN,Ethernet,GigabitEthernet1/0/8,STRING:,300,Enabled,,,,,Primary,,,,
"""128988858003468849461""",10.211.46.4,CLT_SORO_SW.federalbank.co.in,,Gi1/0/18,UP,Ethernet,GigabitEthernet1/0/18,\---- BSNL 4 Mbps ---,300,Enabled,,,,,Primary,,,,
"""129314833979757564027""",10.211.42.4,CLT_DHANBAD_SW.federalbank.co.in,,Vl982,UP,Prop Virtual,Vlan982,STRING:,300,Enabled,,,,,Primary,,,,
"""129314833979757564069""",10.211.42.4,CLT_DHANBAD_SW.federalbank.co.in,,Gi1/0/18,DOWN,Ethernet,GigabitEthernet1/0/18,STRING:,300,Enabled,,,,,Primary,,,,
"""128884554825764704320""",10.211.49.4,CLT_Jajapur_Road_SW.federalbank.co.in,,Gi1/0/7,DOWN,Ethernet,GigabitEthernet1/0/7,STRING:,300,Enabled,,,,,Primary,,,,
"""128884554825764704340""",10.211.49.4,CLT_Jajapur_Road_SW.federalbank.co.in,,Gi1/0/17,UP,Ethernet,GigabitEthernet1/0/17,\--- Trunk To RTR ---,300,Enabled,,,,,Primary,,,,
"""128884554825764704352""",10.211.49.4,CLT_Jajapur_Road_SW.federalbank.co.in,,Gi1/0/23,UP,Ethernet,GigabitEthernet1/0/23,STRING:,300,Enabled,,,,,Primary,,,,
"""131348772656195309686""",10.211.47.4,CLT_IZAWAL_SW.federalbank.co.in,,Gi1/0/9,UP,Ethernet,GigabitEthernet1/0/9,STRING:,300,Enabled,,,,,Primary,,,,
"""131348772656195309706""",10.211.47.4,CLT_IZAWAL_SW.federalbank.co.in,,Gi1/0/19,UP,Ethernet,GigabitEthernet1/0/19,STRING:,300,Enabled,,,,,Primary,,,,
"""130936280822569767388""",10.211.50.4,CLT_TALCHAR_SW.federalbank.co.in,,Gi1/0/2,DOWN,Ethernet,GigabitEthernet1/0/2,STRING:,300,Enabled,,,,,Primary,,,,
"""130936280822569767400""",10.211.50.4,CLT_TALCHAR_SW.federalbank.co.in,,Gi1/0/8,DOWN,Ethernet,GigabitEthernet1/0/8,STRING:,300,Enabled,,,,,Secondary,,,,
"""130936280822569767410""",10.211.50.4,CLT_TALCHAR_SW.federalbank.co.in,,Gi1/0/13,UP,Ethernet,GigabitEthernet1/0/13,**TATA 4MBPS**,300,Enabled,,,,,Primary,,,,
"""110138295869561114905""",10.211.52.4,CLT_BHAGAWANPUR_SWITCH.federalbank.co.in,,Gi1/0/19,DOWN,Ethernet,GigabitEthernet1/0/19,STRING:,300,Enabled,,,,,Primary,,,,
"""126918701823376232582""",10.211.43.4,CLT_BOKKARO_SW.federalbank.co.in,10.211.43.4,Vl1,UP,Prop Virtual,Vlan1,STRING:,300,Enabled,,,,,Primary,,,,
"""126918701823376232608""",10.211.43.4,CLT_BOKKARO_SW.federalbank.co.in,,Gi1/0/10,DOWN,Ethernet,GigabitEthernet1/0/10,STRING:,300,Enabled,,,,,Primary,,,,
"""131207609967688290538""",10.211.45.4,CLT_REMUNA_SW.federalbank.co.in,,Gi1/0/1,DOWN,Ethernet,GigabitEthernet1/0/1,STRING:,300,Enabled,,,,,Primary,,,,
"""131207609967688290552""",10.211.45.4,CLT_REMUNA_SW.federalbank.co.in,,Gi1/0/8,UP,Ethernet,GigabitEthernet1/0/8,STRING:,300,Enabled,,,,,Primary,,,,
"""130290381448232833518""",10.211.53.4,CLT_PALTANBAZAR_SW2.federalbank.co.in,,Gi1/0/14,UP,Ethernet,GigabitEthernet1/0/14,STRING:,300,Enabled,,,,,Primary,,,,
"""130939157704139083821""",10.211.54.4,CLT_CHIRKKUNDA_SW.federalbank.co.in,,Gi1/0/8,UP,Ethernet,GigabitEthernet1/0/8,STRING:,300,Enabled,,,,,Primary,,,,
"""131207609967688290666""",10.211.55.4,CLT_GOVINDPUR_SWITCH.federalbank.co.in,,Gi1/0/23,UP,Ethernet,GigabitEthernet1/0/23,\--- TATA 4Mbps ---,300,Enabled,,,,,Primary,,,,
"""129314833979757564135""",10.211.56.4,CLT_BELTOLA_SW.federalbank.co.in,,Gi1/0/8,UP,Ethernet,GigabitEthernet1/0/8,STRING:,300,Enabled,,,,,Primary,,,,
"""128884554825764704410""",10.211.57.4,CLT_NIRSA_SWITCH.federalbank.co.in,,Gi1/0/9,UP,Ethernet,GigabitEthernet1/0/9,\--- SIFY 4 Mbps ---,300,Enabled,,,,,Secondary,,,,
"""128884554825764704424""",10.211.57.4,CLT_NIRSA_SWITCH.federalbank.co.in,,Gi1/0/16,DOWN,Ethernet,GigabitEthernet1/0/16,STRING:,300,Enabled,,,,,Primary,,,,
"""128884554825764704434""",10.211.57.4,CLT_NIRSA_SWITCH.federalbank.co.in,,Gi1/0/21,UP,Ethernet,GigabitEthernet1/0/21,STRING:,300,Enabled,,,,,Secondary,,,,
"""131348772656195309769""",10.211.62.4,CLT_DIBRUGARH_SWITCH.federalbank.co.in,,Gi1/0/9,UP,Ethernet,GigabitEthernet1/0/9,STRING:,300,Enabled,,,,,Primary,,,,
"""131348772656195309797""",10.211.62.4,CLT_DIBRUGARH_SWITCH.federalbank.co.in,,Gi1/0/23,UP,Ethernet,GigabitEthernet1/0/23,*** Uplink_to_Router ****,300,Enabled,,,,,Primary,,,,
"""126918701823376232705""",10.211.59.4,CLT_SILCHAR_SONAI_ROAD_SW.federalbank.co.in,,Gi1/0/16,UP,Ethernet,GigabitEthernet1/0/16,STRING:,300,Enabled,,,,,Primary,,,,
"""110138295869561114945""",10.211.58.4,CLT_PATNA-RAJABAZAR_SW.federalbank.co.in,10.211.58.4,Vl1,UP,Prop Virtual,Vlan1,STRING:,300,Enabled,,,,,Secondary,,,,
"""110138295869561114961""",10.211.58.4,CLT_PATNA-RAJABAZAR_SW.federalbank.co.in,,Gi1/0/4,UP,Ethernet,GigabitEthernet1/0/4,\--- VODAFONE 10 Mbps ---,300,Enabled,,,,,Primary,,,,
"""110138295869561114985""",10.211.58.4,CLT_PATNA-RAJABAZAR_SW.federalbank.co.in,,Gi1/0/16,UP,Ethernet,GigabitEthernet1/0/16,STRING:,300,Enabled,,,,,Secondary,,,,
"""123356039986396794917""",10.211.61.4,CLT_SILPUKURI_SW.federalbank.co.in,,Gi1/0/2,UP,Ethernet,GigabitEthernet1/0/2,STRING:,300,Enabled,,,,,Secondary,,,,
"""123356039986396794929""",10.211.61.4,CLT_SILPUKURI_SW.federalbank.co.in,,Gi1/0/8,UP,Ethernet,GigabitEthernet1/0/8,STRING:,300,Enabled,,,,,Primary,,,,
"""123356039986396794939""",10.211.61.4,CLT_SILPUKURI_SW.federalbank.co.in,,Gi1/0/13,UP,Ethernet,GigabitEthernet1/0/13,STRING:,300,Enabled,,,,,Secondary,,,,
"""128988858003468849519""",10.211.74.4,CLT_DURGAPUR_SW.federalbank.co.in,,Gi1/0/4,DOWN,Ethernet,GigabitEthernet1/0/4,STRING:,300,Enabled,,,,,Primary,,,,
"""131260520527995867391""",10.211.70.4,CLT_ANGUL_SW.federalbank.co.in,,Gi1/0/2,DOWN,Ethernet,GigabitEthernet1/0/2,STRING:,300,Enabled,,,,,Primary,,,,
"""131260520527995867405""",10.211.70.4,CLT_ANGUL_SW.federalbank.co.in,,Gi1/0/9,DOWN,Ethernet,GigabitEthernet1/0/9,STRING:,300,Enabled,,,,,Primary,,,,
"""131260520527995867417""",10.211.70.4,CLT_ANGUL_SW.federalbank.co.in,,Gi1/0/15,UP,Ethernet,GigabitEthernet1/0/15,STRING:,300,Enabled,,,,,Secondary,,,,
"""130290381448232833654""",10.211.64.4,CLT_AGARTHALA_SW.federalbank.co.in,,Vl973,UP,Prop Virtual,Vlan973,STRING:,300,Enabled,,,,,Secondary,,,,
"""130293222568562266114""",10.211.64.4,CLT_AGARTHALA_SW.federalbank.co.in,,Gi1/0/9,UP,Ethernet,GigabitEthernet1/0/9,STRING:,300,Enabled,,,,,Primary,,,,
"""130293222568562266136""",10.211.64.4,CLT_AGARTHALA_SW.federalbank.co.in,,Gi1/0/20,UP,Ethernet,GigabitEthernet1/0/20,\--- Sify 4 mbps ---,300,Enabled,,,,,Secondary,,,,
"""110138295869561115038""",10.211.69.4,CLT_GHORDOURCHOTTI_SW.federalbank.co.in,,Gi1/0/1,DOWN,Ethernet,GigabitEthernet1/0/1,STRING:,300,Enabled,,,,,Primary,,,,
"""110138295869561115050""",10.211.69.4,CLT_GHORDOURCHOTTI_SW.federalbank.co.in,,Gi1/0/7,DOWN,Ethernet,GigabitEthernet1/0/7,STRING:,300,Enabled,,,,,Secondary,,,,
"""129314833979757564210""",10.211.66.4,CLT_KOHIMA_SW.federalbank.co.in,,Gi1/0/4,UP,Ethernet,GigabitEthernet1/0/4,STRING:,300,Enabled,,,,,Primary,,,,
"""126918701823376232774""",10.211.68.4,CLT_MEMARI_SWITCH.federalbank.co.in,,Gi1/0/7,UP,Ethernet,GigabitEthernet1/0/7,STRING:,300,Enabled,,,,,Primary,,,,
"""130760630862814909090""",10.211.75.4,CLT_BBD_BAGH_SWITCH.federalbank.co.in,,Gi1/0/2,DOWN,Ethernet,GigabitEthernet1/0/2,STRING:,300,Enabled,,,,,Primary,,,,
"""130760630862814909102""",10.211.75.4,CLT_BBD_BAGH_SWITCH.federalbank.co.in,,Gi1/0/8,DOWN,Ethernet,GigabitEthernet1/0/8,STRING:,300,Enabled,,,,,Secondary,,,,
"""130760630862814909132""",10.211.75.4,CLT_BBD_BAGH_SWITCH.federalbank.co.in,,Gi1/0/23,UP,Ethernet,GigabitEthernet1/0/23,\--- BSNL 4 Mbps ---,300,Enabled,,,,,Secondary,,,,
"""130293222568830701731""",10.212.0.81,CHN-KINATHUKADAVU-PRI.federalbank.co.in,,Gi0/0,DOWN,Ethernet,GigabitEthernet0/0,\--- LAN ---,300,Enabled,,,,,Secondary,,,,
"""127439628499560698653""",10.212.0.96,CHN_THONGATTIPALAYAM_SINGLE.federalbank.co.in,10.100.241.201,Gi0/0.982,UP,L2 VLAN,GigabitEthernet0/0.982,\--- BSNL 4 Mbps ---,300,Enabled,BSNL;Quadtri,,,,Primary,,,,
"""129314833980025999447""",10.212.122.4,CHN-SUNDARAPURAM-SW,,01-01-2017,DOWN,Ethernet,01-01-2017,STRING:,300,Enabled,,,,,Secondary,,,,
"""126921574540169449503""",10.212.128.4,CHN-SALEM-GUGAI-SW,,01-01-2011,UP,Ethernet,01-01-2011,STRING:,300,Enabled,,,,,Secondary,,,,
"""130293222568830701837""",10.212.101.4,CHN_THIRUVANMIYUR_SWITCH.federalbank.co.in,,Gi1/0/1,UP,Ethernet,GigabitEthernet1/0/1,STRING:,300,Enabled,,,,,Primary,,,,
"""130293222568830701883""",10.212.101.4,CHN_THIRUVANMIYUR_SWITCH.federalbank.co.in,,Gi1/0/24,UP,Ethernet,GigabitEthernet1/0/24,\--- Trunk To RTR ---,300,Enabled,,,,,Secondary,,,,
"""129314833980025999513""",10.212.100.4,CHN_ASHOKNAGAR_SWITCH.federalbank.co.in,,Gi1/0/12,UP,Ethernet,GigabitEthernet1/0/12,STRING:,300,Enabled,,,,,Secondary,,,,
"""129314895469193728018""",10.212.100.4,CHN_ASHOKNAGAR_SWITCH.federalbank.co.in,,Gi1/0/24,UP,Ethernet,GigabitEthernet1/0/24,\--- Trunk To RTR ---,300,Enabled,,,,,Secondary,,,,
"""130939157704407519704""",10.212.135.4,CHN-ACHARAMPETTU-SW,,01-01-2001,DOWN,Ethernet,01-01-2001,STRING:,300,Enabled,,,,,Secondary,,,,
"""130939157704407519720""",10.212.135.4,CHN-ACHARAMPETTU-SW,,01-01-2009,DOWN,Ethernet,01-01-2009,STRING:,300,Enabled,,,,,Secondary,,,,
"""110138295869829550211""",10.212.11.4,CHN_GEORGE-TOWN_Switch.federalbank.co.in,,Gi1/0/4,DOWN,Ethernet,GigabitEthernet1/0/4,STRING:,300,Enabled,,,,,Secondary,,,,
"""110138295869829550239""",10.212.11.4,CHN_GEORGE-TOWN_Switch.federalbank.co.in,,Gi1/0/18,DOWN,Ethernet,GigabitEthernet1/0/18,STRING:,300,Enabled,,,,,Secondary,,,,
"""110138295869829550245""",10.212.11.4,CHN_GEORGE-TOWN_Switch.federalbank.co.in,,Gi1/0/21,UP,Ethernet,GigabitEthernet1/0/21,STRING:,300,Enabled,,,,,Secondary,,,,
"""131210467469291426103""",10.212.106.4,CHN_CUDDALLORE_SWITCH.federalbank.co.in,,Gi1/0/5,UP,Ethernet,GigabitEthernet1/0/5,STRING:,300,Enabled,,,,,Secondary,,,,
"""131210467469291426123""",10.212.106.4,CHN_CUDDALLORE_SWITCH.federalbank.co.in,,Gi1/0/15,DOWN,Ethernet,GigabitEthernet1/0/15,STRING:,300,Enabled,,,,,Secondary,,,,
"""131210467469291426155""",10.212.106.4,CHN_CUDDALLORE_SWITCH.federalbank.co.in,10.212.106.4,Vl1,UP,Prop Virtual,Vlan1,STRING:,300,Enabled,,,,,Secondary,,,,
"""123356039986396795362""",10.212.133.4,CHN-PONPATHI-SW,,01-01-2003,UP,Ethernet,01-01-2003,STRING:,300,Enabled,,,,,Secondary,,,,
"""130293222568830701939""",10.212.131.4,CHN-KARAIKKAL-SW,,01-01-2005,UP,Ethernet,01-01-2005,STRING:,300,Enabled,,,,,Secondary,,,,
"""130293222568830701977""",10.212.131.4,CHN-KARAIKKAL-SW,,01-01-2024,UP,Ethernet,01-01-2024,Trunk to RTR,300,Enabled,,,,,Secondary,,,,
"""128991734486948384995""",10.212.132.4,CHN-THIRUVARUR-SW,,01-01-2011,DOWN,Ethernet,01-01-2011,STRING:,300,Enabled,,,,,Secondary,,,,
"""130763512030224716135""",10.212.153.4,CHN-ARUMANAI-SW,,01-01-2002,DOWN,Ethernet,01-01-2002,STRING:,300,Enabled,,,,,Secondary,,,,
"""130763512030224716179""",10.212.153.4,CHN-ARUMANAI-SW,,01-01-2024,UP,Ethernet,01-01-2024,\--- Airtel 4 Mbps ---,300,Enabled,,,,,Secondary,,,,
"""131351658700272046130""",10.212.110.4,CHN_CHENNIMALAI_SWITCH.federalbank.co.in,,Gi1/0/7,DOWN,Ethernet,GigabitEthernet1/0/7,STRING:,300,Enabled,,,,,Secondary,,,,
"""131351658700272046140""",10.212.110.4,CHN_CHENNIMALAI_SWITCH.federalbank.co.in,,Gi1/0/12,DOWN,Ethernet,GigabitEthernet1/0/12,STRING:,300,Enabled,,,,,Secondary,,,,
"""129314895469193728116""",10.212.107.4,CHN_ATTUR_SWITCH.federalbank.co.in,,Gi1/0/17,DOWN,Ethernet,GigabitEthernet1/0/17,STRING:,300,Enabled,,,,,Secondary,,,,
"""131260654823301714050""",10.213.18.4,CBE_ALAGAPURAM_SW01.federalbank.co.in,,Gi1/0/15,DOWN,Ethernet,GigabitEthernet1/0/15,STRING:,300,Enabled,,,,,Primary,,,,
"""131260654823301714062""",10.213.18.4,CBE_ALAGAPURAM_SW01.federalbank.co.in,,Gi1/0/21,DOWN,Ethernet,GigabitEthernet1/0/21,STRING:,300,Enabled,,,,,Primary,,,,
"""130939277954901872641""",10.213.22.4,CBE_SATTUR_SW.federalbank.co.in,,Gi1/0/8,DOWN,Ethernet,GigabitEthernet1/0/8,STRING:,300,Enabled,,,,,Primary,,,,
"""130939277954901872673""",10.213.22.4,CBE_SATTUR_SW.federalbank.co.in,,Gi1/0/24,UP,Ethernet,GigabitEthernet1/0/24,\--- airtel 4 Mbps---,300,Enabled,,,,,Primary,,,,
"""130925505478963237091""",10.213.254.27,CBE-SAI-BABA-COLONY-SEC.federalbank.co.in,,Gi0/0,UP,Ethernet,GigabitEthernet0/0,\--- LAN ---,300,Enabled,,,,,Primary,,,,
"""127442589075278663853""",10.213.254.23,CBE-PERIYAKULAM-SEC.federalbank.co.in,10.235.5.106,Gi0/1,UP,Ethernet,GigabitEthernet0/1,****Sify 4 Mbps***,300,Enabled,Sify,,,,Secondary,,,,
